"EmployeeID","Age","Gender","Ethnicity","SatisfactionScore","PerformanceRating","Tenure","CommuteDistance","LastPromotion","DecisionToLeave"
"E0001",58,"Male","African",8,5,21,11,16,1
"E0002",22,"Female","Other",2,1,7,6,20,0
"E0003",46,"Female","Hispanic",1,4,23,12,16,1
"E0004",31,"Female","Indigenous",2,7,19,22,1,0
"E0005",57,"Male","Caucasian",4,9,16,23,6,1
"E0006",39,"Female","African",3,3,14,34,12,0
"E0007",45,"Male","Indigenous",2,9,5,12,9,1
"E0008",28,"Male","Caucasian",9,8,19,17,3,0
"E0009",57,"Female","Asian",5,3,7,13,18,1
"E0010",46,"Male","African",8,3,6,9,17,1
"E0011",58,"Male","Asian",1,7,0,9,9,1
"E0012",41,"Male","African",4,9,0,40,4,1
"E0013",47,"Male","Asian",2,10,16,42,11,1
"E0014",24,"Female","Indigenous",2,4,6,26,19,0
"E0015",62,"Female","Other",4,4,2,5,12,1
"E0016",46,"Male","African",7,1,4,48,0,1
"E0017",48,"Male","Other",9,1,16,36,1,1
"E0018",57,"Male","Asian",1,6,16,12,1,1
"E0019",58,"Female","Hispanic",2,9,12,6,17,1
"E0020",52,"Female","Other",6,10,25,27,15,0
"E0021",26,"Male","Caucasian",2,1,2,9,7,1
"E0022",41,"Female","Asian",5,7,23,26,16,0
"E0023",55,"Female","Indigenous",1,5,9,20,2,1
"E0024",49,"Male","Hispanic",8,4,21,23,9,1
"E0025",61,"Female","Asian",4,10,14,36,4,1
"E0026",24,"Male","African",7,8,5,42,18,1
"E0027",54,"Female","Caucasian",9,1,24,31,14,1
"E0028",63,"Male","Caucasian",7,2,11,8,20,1
"E0029",45,"Female","African",10,4,9,47,11,1
"E0030",51,"Male","Other",7,7,12,39,5,1
"E0031",64,"Male","African",10,4,6,34,17,1
"E0032",36,"Female","Indigenous",10,8,22,17,15,0
"E0033",43,"Female","Asian",9,4,16,36,6,1
"E0034",29,"Male","Hispanic",4,7,7,5,9,1
"E0035",57,"Female","African",10,10,2,14,16,0
"E0036",25,"Female","African",6,7,19,37,16,0
"E0037",43,"Male","Other",4,2,0,13,14,1
"E0038",39,"Female","Hispanic",7,5,2,49,20,0
"E0039",49,"Female","African",1,4,7,34,10,1
"E0040",26,"Male","Indigenous",1,4,7,21,13,1
"E0041",25,"Female","African",3,4,23,25,4,0
"E0042",55,"Female","Hispanic",7,2,5,13,15,1
"E0043",56,"Female","Asian",5,3,5,24,12,1
"E0044",45,"Male","Indigenous",3,1,2,25,3,1
"E0045",44,"Male","Hispanic",10,8,18,14,1,0
"E0046",47,"Male","Asian",8,6,20,30,8,1
"E0047",27,"Female","Indigenous",3,7,21,49,19,0
"E0048",27,"Female","Caucasian",10,1,7,31,5,0
"E0049",23,"Female","Other",7,5,7,49,18,0
"E0050",24,"Female","African",4,2,0,40,20,0
"E0051",42,"Female","Hispanic",7,5,18,30,12,1
"E0052",23,"Male","Indigenous",10,3,18,38,15,1
"E0053",59,"Male","Caucasian",8,5,18,27,5,1
"E0054",31,"Female","African",4,3,10,9,19,0
"E0055",61,"Female","Hispanic",3,10,6,24,4,1
"E0056",26,"Female","African",5,9,20,39,13,0
"E0057",54,"Female","African",10,10,3,20,12,0
"E0058",60,"Female","Asian",10,7,8,30,0,1
"E0059",57,"Female","Caucasian",4,1,12,37,2,1
"E0060",63,"Female","African",8,9,5,8,20,1
"E0061",30,"Male","Hispanic",2,9,16,18,5,1
"E0062",50,"Female","Hispanic",4,9,17,39,5,1
"E0063",33,"Male","Indigenous",1,8,12,41,8,1
"E0064",41,"Male","Hispanic",3,6,13,11,2,1
"E0065",30,"Female","Other",2,7,2,33,20,0
"E0066",64,"Female","Other",6,6,1,9,15,1
"E0067",56,"Male","Asian",1,7,14,15,8,1
"E0068",50,"Female","Indigenous",1,7,18,32,8,0
"E0069",37,"Female","Other",8,1,24,32,10,0
"E0070",58,"Male","Asian",6,1,13,39,16,1
"E0071",49,"Male","Caucasian",9,1,23,49,4,1
"E0072",26,"Female","Indigenous",9,8,1,46,20,0
"E0073",49,"Male","Asian",6,2,4,20,17,0
"E0074",23,"Male","Other",2,3,25,47,19,1
"E0075",39,"Female","Hispanic",7,3,3,50,19,0
"E0076",45,"Female","Asian",4,5,9,16,9,1
"E0077",39,"Female","Asian",1,8,13,42,5,0
"E0078",26,"Male","Indigenous",5,9,2,29,12,1
"E0079",61,"Female","Other",9,5,22,35,16,1
"E0080",61,"Female","Caucasian",8,5,5,43,0,1
"E0081",42,"Female","Indigenous",6,10,0,38,8,1
"E0082",57,"Female","African",6,3,21,40,19,1
"E0083",57,"Male","Indigenous",1,6,19,8,17,1
"E0084",60,"Male","African",4,1,23,37,6,1
"E0085",63,"Female","Hispanic",7,3,18,41,13,1
"E0086",39,"Male","Caucasian",2,7,3,18,20,1
"E0087",48,"Female","Other",5,9,24,39,7,1
"E0088",34,"Female","Indigenous",5,2,22,43,8,0
"E0089",40,"Male","Hispanic",3,7,11,14,20,1
"E0090",53,"Male","Indigenous",10,2,4,14,16,1
"E0091",37,"Female","Indigenous",2,10,0,7,0,0
"E0092",50,"Male","Hispanic",10,2,13,27,13,1
"E0093",38,"Male","Other",4,2,5,48,15,1
"E0094",65,"Female","Asian",4,10,6,30,9,1
"E0095",30,"Male","Hispanic",2,1,11,22,5,1
"E0096",42,"Male","African",8,7,7,22,14,0
"E0097",64,"Male","African",7,4,7,41,17,1
"E0098",29,"Male","Asian",3,4,3,50,9,1
"E0099",50,"Male","Caucasian",5,2,18,11,11,1
"E0100",59,"Female","Hispanic",9,10,19,14,9,0
"E0101",22,"Male","Asian",1,3,5,5,14,1
"E0102",34,"Male","African",8,6,13,23,20,0
"E0103",35,"Male","Caucasian",2,9,4,50,11,1
"E0104",26,"Female","Caucasian",8,3,1,16,7,0
"E0105",30,"Male","Asian",8,1,1,30,17,0
"E0106",37,"Female","Asian",4,9,6,24,0,0
"E0107",47,"Male","Caucasian",3,4,2,30,13,1
"E0108",64,"Male","Caucasian",2,10,19,43,19,1
"E0109",63,"Female","African",9,4,22,6,5,1
"E0110",63,"Male","Caucasian",4,5,17,44,2,1
"E0111",54,"Female","African",1,1,3,40,8,1
"E0112",50,"Male","Other",2,6,9,19,14,1
"E0113",46,"Female","Hispanic",9,4,2,43,15,1
"E0114",53,"Male","Hispanic",4,2,24,31,15,1
"E0115",38,"Female","Caucasian",4,7,0,24,3,0
"E0116",35,"Male","African",7,5,15,49,13,1
"E0117",27,"Female","Asian",7,5,25,9,12,0
"E0118",64,"Male","Asian",7,9,4,43,16,1
"E0119",58,"Male","African",9,1,22,19,3,1
"E0120",37,"Male","Caucasian",2,1,0,42,19,1
"E0121",52,"Female","Hispanic",4,7,17,28,9,1
"E0122",55,"Female","Caucasian",5,6,2,38,3,1
"E0123",51,"Male","Asian",8,5,4,15,19,0
"E0124",53,"Male","Indigenous",6,8,7,39,10,1
"E0125",27,"Male","Other",1,9,1,25,9,1
"E0126",43,"Male","Asian",10,8,6,6,9,0
"E0127",59,"Female","Caucasian",9,10,12,17,16,1
"E0128",52,"Female","Asian",9,3,19,41,17,1
"E0129",27,"Male","Indigenous",8,6,21,7,1,0
"E0130",41,"Female","Other",7,5,19,40,3,0
"E0131",36,"Female","African",2,10,20,27,10,0
"E0132",55,"Female","Indigenous",7,7,2,43,18,1
"E0133",63,"Male","Asian",4,7,6,34,4,1
"E0134",44,"Male","Asian",3,2,4,42,10,1
"E0135",33,"Male","Indigenous",7,5,7,37,14,0
"E0136",47,"Female","Other",9,2,22,40,1,1
"E0137",62,"Male","Other",7,8,11,19,9,0
"E0138",22,"Female","Asian",7,10,18,20,8,0
"E0139",23,"Male","African",9,4,22,44,0,1
"E0140",45,"Male","Indigenous",4,9,11,40,0,1
"E0141",55,"Female","Other",2,7,14,21,0,1
"E0142",46,"Female","Hispanic",1,8,7,14,12,1
"E0143",49,"Male","Indigenous",7,8,22,48,7,1
"E0144",64,"Male","Hispanic",4,3,23,40,1,1
"E0145",35,"Male","Caucasian",9,8,24,12,15,1
"E0146",55,"Male","Asian",3,3,23,32,16,1
"E0147",23,"Female","Indigenous",2,10,1,43,20,0
"E0148",52,"Male","Hispanic",8,10,11,11,5,1
"E0149",53,"Male","Hispanic",9,9,25,33,11,1
"E0150",48,"Female","Asian",9,6,8,44,1,1
"E0151",31,"Female","African",4,5,16,20,13,0
"E0152",49,"Female","Hispanic",4,7,15,30,5,1
"E0153",58,"Female","African",9,3,12,13,5,1
"E0154",31,"Male","Other",6,3,8,23,0,1
"E0155",26,"Male","African",8,7,4,39,8,1
"E0156",56,"Female","Hispanic",9,1,25,9,18,1
"E0157",35,"Male","Caucasian",5,10,17,19,17,0
"E0158",35,"Male","Asian",8,1,21,7,20,0
"E0159",49,"Female","Indigenous",3,3,0,19,19,1
"E0160",54,"Male","Caucasian",7,6,15,27,0,1
"E0161",58,"Male","Caucasian",2,8,13,18,4,1
"E0162",56,"Female","Caucasian",8,3,16,29,18,1
"E0163",47,"Female","Hispanic",4,7,21,45,16,1
"E0164",52,"Male","Indigenous",1,5,4,25,2,1
"E0165",64,"Male","Indigenous",5,6,7,13,14,1
"E0166",53,"Female","Other",3,9,24,29,14,1
"E0167",38,"Female","African",9,9,8,46,15,0
"E0168",48,"Female","African",8,10,2,23,18,1
"E0169",51,"Female","Caucasian",3,10,24,35,12,1
"E0170",57,"Male","African",7,6,9,16,17,1
"E0171",41,"Male","African",2,4,21,43,12,1
"E0172",32,"Female","Other",3,3,16,37,17,0
"E0173",38,"Female","Caucasian",2,3,11,36,2,0
"E0174",30,"Male","Hispanic",6,9,10,30,8,0
"E0175",38,"Female","Indigenous",5,4,24,14,2,0
"E0176",34,"Female","Caucasian",2,4,24,40,18,0
"E0177",52,"Male","Hispanic",10,1,10,37,10,1
"E0178",22,"Female","Caucasian",5,6,15,46,14,0
"E0179",38,"Male","Other",10,1,6,27,5,1
"E0180",54,"Female","Other",1,5,23,25,15,1
"E0181",49,"Male","Indigenous",2,7,8,45,10,1
"E0182",23,"Female","Asian",2,10,22,46,17,0
"E0183",52,"Male","Hispanic",3,8,19,27,2,1
"E0184",29,"Male","Caucasian",5,1,5,37,15,1
"E0185",37,"Male","Indigenous",4,1,14,6,2,1
"E0186",24,"Female","Caucasian",10,8,19,5,17,0
"E0187",58,"Male","Other",7,9,6,42,16,1
"E0188",34,"Male","Other",8,5,1,24,14,1
"E0189",33,"Male","African",1,6,23,30,2,1
"E0190",22,"Female","Indigenous",4,7,21,34,18,0
"E0191",51,"Female","Asian",9,7,15,40,20,1
"E0192",52,"Male","Other",1,1,22,49,10,1
"E0193",58,"Female","Hispanic",3,7,16,16,4,1
"E0194",27,"Male","Caucasian",1,9,6,50,14,1
"E0195",37,"Male","Asian",5,9,15,31,12,1
"E0196",31,"Male","African",1,8,1,21,15,1
"E0197",28,"Female","African",4,10,18,28,20,0
"E0198",30,"Female","African",5,7,4,10,13,0
"E0199",62,"Female","Caucasian",2,2,8,26,0,1
"E0200",46,"Female","Indigenous",1,1,15,24,1,1
"E0201",24,"Female","African",9,9,17,24,6,0
"E0202",39,"Male","Asian",3,3,10,25,18,0
"E0203",49,"Female","Hispanic",3,3,23,13,0,1
"E0204",36,"Male","Caucasian",6,10,1,28,18,1
"E0205",50,"Female","Hispanic",2,10,22,38,10,1
"E0206",41,"Female","Other",10,3,25,31,10,0
"E0207",46,"Male","Caucasian",2,9,1,45,6,1
"E0208",37,"Male","Indigenous",1,6,19,34,14,0
"E0209",45,"Female","Other",10,9,15,10,18,0
"E0210",54,"Female","Asian",10,2,0,46,16,1
"E0211",59,"Female","Asian",6,7,3,17,18,1
"E0212",64,"Male","Indigenous",3,2,17,25,5,1
"E0213",62,"Male","Indigenous",8,10,15,9,8,1
"E0214",43,"Female","Asian",6,10,13,46,20,1
"E0215",47,"Male","Indigenous",2,3,13,19,5,1
"E0216",41,"Female","Hispanic",2,1,7,17,9,0
"E0217",58,"Female","Other",4,8,1,35,13,1
"E0218",64,"Male","Hispanic",2,10,6,19,10,1
"E0219",36,"Female","Indigenous",5,2,18,49,6,0
"E0220",42,"Male","Other",9,1,6,48,20,1
"E0221",55,"Female","Asian",4,8,19,14,20,0
"E0222",46,"Female","Caucasian",8,3,6,12,9,1
"E0223",59,"Female","African",9,4,6,6,17,1
"E0224",22,"Female","African",8,8,11,40,17,0
"E0225",35,"Male","Other",5,6,22,49,17,1
"E0226",32,"Male","African",4,1,8,50,8,1
"E0227",49,"Male","African",5,9,11,36,7,0
"E0228",39,"Male","African",3,7,22,47,4,1
"E0229",55,"Female","Other",2,7,9,37,2,1
"E0230",63,"Male","Hispanic",5,7,11,46,8,1
"E0231",57,"Male","Hispanic",5,5,12,7,7,1
"E0232",41,"Female","Caucasian",6,5,15,6,18,1
"E0233",36,"Male","Indigenous",2,4,7,48,6,1
"E0234",28,"Female","African",3,3,22,38,6,0
"E0235",48,"Female","Other",6,8,21,14,7,1
"E0236",51,"Male","Asian",2,9,25,44,3,1
"E0237",26,"Female","Asian",2,1,0,41,20,0
"E0238",43,"Female","Other",9,3,8,28,2,0
"E0239",41,"Male","Other",4,10,24,16,14,1
"E0240",62,"Female","African",1,8,4,18,17,1
"E0241",32,"Male","Caucasian",3,9,20,10,20,1
"E0242",49,"Male","Asian",4,7,8,39,1,1
"E0243",59,"Male","Other",1,4,12,30,0,1
"E0244",63,"Male","Caucasian",2,5,6,19,12,1
"E0245",30,"Female","Hispanic",7,9,16,11,4,0
"E0246",44,"Female","Asian",2,7,15,40,4,1
"E0247",47,"Male","Caucasian",10,3,18,31,0,1
"E0248",62,"Female","Hispanic",3,8,22,5,10,1
"E0249",32,"Female","Indigenous",6,6,4,40,12,0
"E0250",40,"Male","Hispanic",3,3,9,11,0,1
"E0251",49,"Male","Indigenous",5,6,12,17,8,1
"E0252",42,"Male","Other",3,9,2,39,1,1
"E0253",57,"Female","Indigenous",5,7,6,40,3,1
"E0254",63,"Female","Hispanic",3,9,23,20,6,1
"E0255",43,"Female","Indigenous",9,7,18,20,17,1
"E0256",46,"Female","Other",6,7,12,46,15,1
"E0257",51,"Male","Other",1,7,9,5,9,1
"E0258",42,"Male","Asian",9,9,6,45,18,1
"E0259",65,"Male","Hispanic",8,2,2,44,12,1
"E0260",42,"Male","African",1,5,22,40,12,1
"E0261",27,"Female","African",9,8,9,15,6,0
"E0262",62,"Male","Indigenous",1,4,10,47,17,1
"E0263",31,"Male","Hispanic",3,8,2,25,20,1
"E0264",45,"Male","Caucasian",8,3,5,49,9,1
"E0265",28,"Female","Indigenous",5,3,2,44,8,0
"E0266",35,"Female","Hispanic",1,9,16,49,9,0
"E0267",33,"Male","Asian",4,1,13,43,4,1
"E0268",31,"Female","African",7,1,11,21,16,0
"E0269",46,"Female","Asian",6,8,18,27,16,1
"E0270",58,"Male","African",2,9,4,10,0,1
"E0271",23,"Male","Asian",7,9,15,26,19,1
"E0272",56,"Female","African",1,1,25,31,13,1
"E0273",55,"Female","Other",9,7,10,9,7,0
"E0274",48,"Male","Asian",4,2,25,28,17,1
"E0275",52,"Female","Indigenous",10,6,9,24,7,1
"E0276",48,"Female","Indigenous",9,1,7,21,19,1
"E0277",37,"Male","Indigenous",7,6,11,31,7,1
"E0278",57,"Male","African",10,3,19,8,14,0
"E0279",45,"Male","Indigenous",1,6,23,42,6,1
"E0280",59,"Female","Other",9,3,12,38,10,1
"E0281",42,"Female","Other",7,6,4,25,10,0
"E0282",41,"Female","Asian",10,7,24,47,17,0
"E0283",32,"Female","Indigenous",6,1,7,46,18,0
"E0284",54,"Female","Asian",1,3,0,33,5,0
"E0285",35,"Female","Other",6,9,3,32,17,0
"E0286",49,"Male","Other",1,4,1,48,14,1
"E0287",54,"Female","African",2,2,22,15,0,1
"E0288",50,"Female","Caucasian",4,4,13,5,1,1
"E0289",57,"Male","Asian",1,10,7,27,20,1
"E0290",53,"Female","Hispanic",2,10,15,24,13,1
"E0291",59,"Male","Indigenous",5,3,18,28,20,1
"E0292",43,"Female","Caucasian",6,8,15,30,20,1
"E0293",65,"Male","Hispanic",1,8,6,48,20,1
"E0294",28,"Male","Other",6,6,17,29,19,1
"E0295",65,"Male","Asian",2,10,10,10,4,1
"E0296",26,"Male","Hispanic",5,1,14,28,8,1
"E0297",52,"Female","Other",9,8,19,42,2,1
"E0298",53,"Male","Asian",9,2,22,46,8,1
"E0299",39,"Female","Other",5,1,10,14,0,0
"E0300",60,"Female","Indigenous",7,5,20,25,0,0
"E0301",34,"Male","Asian",1,10,10,17,5,1
"E0302",51,"Female","Hispanic",8,7,25,29,9,0
"E0303",23,"Female","African",4,2,4,14,1,0
"E0304",49,"Female","Caucasian",5,7,3,17,2,1
"E0305",24,"Female","Hispanic",10,7,12,10,15,0
"E0306",54,"Male","Caucasian",4,3,18,39,19,1
"E0307",50,"Female","Caucasian",9,2,8,17,13,1
"E0308",41,"Female","Caucasian",2,5,22,13,14,1
"E0309",64,"Male","Asian",9,3,4,18,12,0
"E0310",30,"Female","Caucasian",4,8,19,38,9,0
"E0311",31,"Female","Caucasian",3,5,19,42,19,0
"E0312",28,"Male","Indigenous",6,1,23,8,13,0
"E0313",49,"Male","Asian",7,10,5,19,8,0
"E0314",39,"Female","Other",6,1,7,30,7,0
"E0315",46,"Male","Indigenous",1,2,20,50,18,1
"E0316",65,"Female","Caucasian",6,7,16,21,9,1
"E0317",31,"Male","Hispanic",2,3,24,48,0,1
"E0318",30,"Female","Caucasian",5,7,21,50,6,0
"E0319",40,"Female","Asian",4,8,10,16,12,0
"E0320",36,"Female","African",3,4,11,13,9,0
"E0321",24,"Male","Hispanic",9,2,21,6,1,0
"E0322",43,"Male","Other",4,1,7,15,15,1
"E0323",41,"Male","Other",4,9,9,24,11,1
"E0324",63,"Female","Asian",10,9,22,23,5,1
"E0325",55,"Male","Hispanic",5,3,8,11,18,1
"E0326",44,"Female","Hispanic",5,3,5,37,20,1
"E0327",38,"Female","Other",3,10,10,26,4,0
"E0328",39,"Female","Caucasian",8,9,9,13,2,0
"E0329",40,"Male","Caucasian",1,10,0,15,8,1
"E0330",38,"Male","Other",7,8,22,25,5,0
"E0331",51,"Male","Caucasian",7,10,11,18,11,1
"E0332",31,"Male","African",7,1,15,38,7,0
"E0333",58,"Female","Other",2,6,8,45,18,1
"E0334",31,"Female","Caucasian",8,3,11,23,19,0
"E0335",55,"Male","Hispanic",4,4,20,27,3,1
"E0336",25,"Male","African",10,8,15,39,6,1
"E0337",46,"Male","African",2,3,3,44,17,1
"E0338",47,"Female","Other",4,3,15,23,7,0
"E0339",60,"Male","Indigenous",3,5,2,29,8,1
"E0340",54,"Female","Asian",3,9,23,41,5,1
"E0341",43,"Male","Caucasian",10,10,19,36,13,1
"E0342",65,"Male","African",8,6,5,14,3,1
"E0343",40,"Female","Hispanic",5,3,11,5,8,0
"E0344",27,"Male","Caucasian",8,10,12,28,5,0
"E0345",65,"Male","Caucasian",9,8,21,30,17,1
"E0346",46,"Female","Asian",3,4,3,32,10,1
"E0347",51,"Female","African",6,5,14,18,11,1
"E0348",63,"Male","Hispanic",5,5,1,35,13,1
"E0349",60,"Female","African",7,9,11,47,15,1
"E0350",46,"Female","Asian",1,9,22,10,7,1
"E0351",23,"Male","Caucasian",9,6,5,33,6,1
"E0352",59,"Female","Caucasian",9,4,3,32,18,1
"E0353",30,"Male","Other",3,9,9,41,16,1
"E0354",32,"Male","Other",1,5,17,38,6,1
"E0355",27,"Female","Asian",8,8,25,17,3,0
"E0356",52,"Female","Other",6,3,9,41,0,1
"E0357",26,"Female","Indigenous",7,10,21,24,2,0
"E0358",35,"Female","Hispanic",4,1,15,33,3,0
"E0359",63,"Female","Other",7,1,4,46,10,1
"E0360",22,"Female","African",3,6,9,39,14,0
"E0361",62,"Male","African",5,10,8,7,18,0
"E0362",31,"Male","Caucasian",8,1,0,15,1,0
"E0363",33,"Female","Asian",1,3,22,25,3,0
"E0364",43,"Male","Asian",4,9,16,18,19,1
"E0365",22,"Male","Other",10,9,20,26,10,1
"E0366",64,"Male","Caucasian",8,10,24,43,14,1
"E0367",25,"Male","Asian",10,8,19,16,20,0
"E0368",24,"Female","Asian",3,1,2,28,9,0
"E0369",59,"Female","African",5,9,20,49,17,1
"E0370",26,"Female","Asian",2,4,10,46,14,0
"E0371",63,"Male","Caucasian",3,5,13,11,8,1
"E0372",41,"Female","Other",4,2,2,12,16,0
"E0373",55,"Female","African",5,1,7,38,8,1
"E0374",44,"Male","Other",4,8,13,37,15,1
"E0375",57,"Female","Hispanic",6,1,6,6,19,1
"E0376",41,"Male","Caucasian",2,10,0,10,14,1
"E0377",30,"Female","Hispanic",10,8,0,9,1,0
"E0378",48,"Male","African",2,3,13,37,20,1
"E0379",24,"Male","Indigenous",1,2,21,45,18,1
"E0380",52,"Female","Caucasian",3,5,18,50,7,1
"E0381",39,"Male","Other",8,4,0,28,15,1
"E0382",31,"Male","Other",1,8,22,49,9,1
"E0383",54,"Male","African",6,7,8,17,0,0
"E0384",61,"Male","Caucasian",6,5,14,34,10,1
"E0385",41,"Female","Caucasian",5,8,6,39,19,1
"E0386",58,"Male","Hispanic",9,10,5,47,12,1
"E0387",27,"Female","Asian",10,1,9,11,1,0
"E0388",50,"Female","Other",9,7,16,24,4,1
"E0389",25,"Male","Indigenous",7,6,18,14,6,0
"E0390",48,"Female","Indigenous",10,4,18,36,18,1
"E0391",30,"Male","African",5,4,24,10,1,1
"E0392",61,"Male","Asian",1,2,22,48,16,1
"E0393",44,"Male","Indigenous",7,2,19,6,9,0
"E0394",47,"Male","Hispanic",1,2,12,22,1,1
"E0395",33,"Female","African",7,1,14,37,14,0
"E0396",31,"Male","Caucasian",4,6,7,17,10,0
"E0397",64,"Female","Hispanic",6,5,11,42,15,1
"E0398",44,"Male","African",10,10,14,34,17,1
"E0399",48,"Male","African",9,10,7,43,8,1
"E0400",55,"Female","Hispanic",10,1,11,25,15,0
"E0401",37,"Male","Indigenous",9,10,16,29,17,0
"E0402",46,"Female","African",1,2,1,8,3,1
"E0403",49,"Male","Indigenous",9,9,8,32,18,1
"E0404",36,"Female","Hispanic",8,10,21,40,9,0
"E0405",59,"Male","Caucasian",7,8,5,37,7,1
"E0406",44,"Female","Indigenous",7,1,16,35,6,1
"E0407",40,"Female","Hispanic",1,4,1,29,18,0
"E0408",31,"Male","African",4,3,22,11,17,1
"E0409",34,"Female","Asian",2,5,3,32,1,0
"E0410",59,"Female","Asian",5,5,15,40,7,1
"E0411",22,"Female","Caucasian",7,4,12,40,8,0
"E0412",32,"Female","Other",2,10,17,47,9,0
"E0413",47,"Male","Hispanic",6,7,2,18,5,1
"E0414",31,"Female","Hispanic",7,6,19,20,13,0
"E0415",36,"Female","African",7,8,17,17,17,0
"E0416",38,"Male","Indigenous",2,1,0,30,4,1
"E0417",29,"Female","Indigenous",5,9,18,39,20,0
"E0418",57,"Female","Asian",8,1,10,41,12,1
"E0419",27,"Female","Caucasian",9,1,4,33,15,0
"E0420",31,"Female","Hispanic",1,2,4,33,2,0
"E0421",48,"Male","Hispanic",1,8,1,12,19,1
"E0422",41,"Female","Other",8,5,21,27,4,0
"E0423",46,"Female","Asian",10,8,8,21,8,0
"E0424",45,"Female","African",3,5,0,32,8,1
"E0425",37,"Male","Hispanic",8,3,7,40,18,1
"E0426",65,"Female","Other",4,10,6,48,2,1
"E0427",37,"Male","Hispanic",1,10,9,20,19,1
"E0428",24,"Male","African",8,5,0,16,20,1
"E0429",53,"Female","Hispanic",5,4,18,24,6,1
"E0430",42,"Male","Hispanic",4,8,8,10,7,1
"E0431",60,"Female","Caucasian",2,6,8,24,10,1
"E0432",24,"Male","Indigenous",9,9,1,15,3,0
"E0433",31,"Male","Asian",9,8,23,21,4,1
"E0434",42,"Female","Asian",6,1,25,31,0,1
"E0435",63,"Male","Asian",10,9,12,13,18,0
"E0436",28,"Male","Asian",4,1,8,25,11,1
"E0437",40,"Male","Hispanic",4,3,2,27,3,0
"E0438",50,"Male","Indigenous",4,1,6,37,10,1
"E0439",63,"Male","Indigenous",3,7,9,50,0,1
"E0440",45,"Male","African",6,10,18,32,13,0
"E0441",50,"Female","Caucasian",4,3,2,25,18,1
"E0442",51,"Male","Other",2,5,21,47,16,1
"E0443",64,"Male","Asian",2,5,6,30,6,1
"E0444",56,"Male","Other",6,9,23,31,18,1
"E0445",63,"Male","Caucasian",8,1,16,50,3,1
"E0446",55,"Female","Indigenous",10,6,0,26,4,1
"E0447",60,"Male","African",4,3,13,46,15,1
"E0448",42,"Male","Hispanic",8,9,5,6,4,0
"E0449",64,"Female","Caucasian",2,9,13,19,7,1
"E0450",64,"Female","Indigenous",10,9,18,31,7,0
"E0451",47,"Female","African",7,6,10,33,11,0
"E0452",54,"Male","African",9,7,22,16,13,1
"E0453",27,"Male","Asian",5,1,15,17,17,0
"E0454",44,"Female","Other",10,6,2,49,0,1
"E0455",63,"Female","Caucasian",3,10,9,39,11,1
"E0456",62,"Male","Caucasian",1,4,7,47,0,1
"E0457",65,"Female","African",10,6,7,8,14,1
"E0458",39,"Male","Hispanic",4,7,14,29,18,1
"E0459",42,"Male","Other",3,10,19,30,0,1
"E0460",54,"Male","Caucasian",8,6,8,46,20,1
"E0461",32,"Female","Caucasian",6,6,10,5,11,0
"E0462",61,"Male","Other",4,8,25,17,14,1
"E0463",35,"Female","Asian",10,3,17,22,8,0
"E0464",23,"Female","Indigenous",10,5,0,17,5,0
"E0465",59,"Female","Asian",1,9,0,32,6,1
"E0466",56,"Female","Caucasian",4,4,13,29,8,1
"E0467",49,"Male","Caucasian",6,6,18,23,8,1
"E0468",37,"Female","African",10,5,18,28,0,0
"E0469",37,"Female","Caucasian",3,9,11,5,4,0
"E0470",29,"Female","African",9,10,13,6,6,0
"E0471",59,"Male","Caucasian",2,1,13,46,10,1
"E0472",59,"Male","Caucasian",6,5,0,38,2,1
"E0473",29,"Male","Caucasian",10,9,13,34,2,1
"E0474",52,"Female","Caucasian",7,1,16,49,11,1
"E0475",58,"Female","Hispanic",10,5,20,46,4,1
"E0476",44,"Female","Caucasian",6,1,25,25,4,1
"E0477",62,"Female","African",4,4,8,13,6,0
"E0478",31,"Male","Caucasian",10,1,23,24,2,0
"E0479",32,"Male","Hispanic",6,3,14,25,7,1
"E0480",48,"Male","Caucasian",2,7,22,19,7,1
"E0481",44,"Male","Indigenous",5,5,5,41,13,1
"E0482",54,"Female","Other",5,7,7,20,10,0
"E0483",43,"Male","African",4,5,9,16,6,1
"E0484",36,"Female","Indigenous",4,7,2,39,3,0
"E0485",25,"Female","African",10,2,15,19,5,0
"E0486",60,"Male","Other",5,2,18,26,14,1
"E0487",64,"Male","Asian",4,9,21,22,10,1
"E0488",31,"Female","African",8,5,19,22,10,0
"E0489",29,"Male","Hispanic",1,1,0,36,3,1
"E0490",52,"Female","Asian",4,3,11,12,2,1
"E0491",49,"Male","Asian",8,2,0,11,4,0
"E0492",56,"Male","Indigenous",7,1,23,37,8,1
"E0493",41,"Male","Hispanic",10,4,12,20,13,0
"E0494",29,"Male","Indigenous",9,6,7,10,8,0
"E0495",53,"Male","Indigenous",9,10,3,23,7,1
"E0496",24,"Female","Caucasian",4,1,17,18,13,0
"E0497",62,"Male","Other",8,1,14,48,14,1
"E0498",32,"Female","Asian",8,9,8,37,0,0
"E0499",34,"Male","Asian",5,10,4,10,15,1
"E0500",60,"Male","Asian",1,2,11,7,2,1
"E0501",39,"Male","Other",6,7,23,17,6,1
"E0502",60,"Male","African",6,9,5,44,6,1
"E0503",42,"Female","African",6,6,22,25,12,1
"E0504",26,"Male","Caucasian",4,8,1,32,1,0
"E0505",52,"Male","African",8,10,8,31,9,1
"E0506",41,"Female","African",9,4,1,41,20,0
"E0507",39,"Male","Caucasian",2,4,3,43,0,1
"E0508",60,"Female","African",1,4,22,14,13,1
"E0509",24,"Male","Asian",4,5,10,12,0,1
"E0510",29,"Male","Hispanic",8,10,21,9,15,1
"E0511",40,"Female","Asian",9,3,0,48,15,0
"E0512",31,"Female","African",7,4,10,50,10,0
"E0513",36,"Male","Other",8,4,25,38,3,1
"E0514",33,"Male","Other",2,3,22,36,8,1
"E0515",56,"Female","Indigenous",10,1,25,15,6,1
"E0516",53,"Female","Caucasian",4,3,25,26,1,1
"E0517",63,"Female","Caucasian",7,6,1,13,14,1
"E0518",55,"Male","African",2,6,19,14,10,1
"E0519",61,"Male","African",7,6,4,47,13,1
"E0520",22,"Male","Indigenous",9,7,19,15,19,1
"E0521",34,"Male","Indigenous",3,5,19,17,4,1
"E0522",28,"Female","Other",9,10,3,34,15,0
"E0523",32,"Male","Hispanic",4,6,14,9,6,1
"E0524",32,"Male","African",3,8,0,34,18,0
"E0525",34,"Male","Other",1,4,8,9,17,1
"E0526",58,"Female","Caucasian",3,1,0,49,12,1
"E0527",55,"Male","African",10,8,21,50,4,1
"E0528",36,"Female","Caucasian",4,10,13,12,16,0
"E0529",58,"Female","Indigenous",1,2,15,36,15,1
"E0530",35,"Male","Hispanic",9,2,10,41,3,1
"E0531",58,"Female","Hispanic",6,9,2,23,2,1
"E0532",47,"Male","Caucasian",10,2,7,33,5,1
"E0533",49,"Female","Indigenous",6,10,2,17,1,0
"E0534",39,"Female","African",2,2,9,23,12,0
"E0535",38,"Female","Asian",3,7,5,21,0,0
"E0536",60,"Female","Other",5,3,23,14,17,0
"E0537",55,"Male","African",9,10,23,49,4,1
"E0538",33,"Female","African",3,2,1,24,15,0
"E0539",51,"Female","Other",1,2,15,5,13,1
"E0540",56,"Male","Asian",8,9,25,38,12,1
"E0541",41,"Male","African",8,9,4,22,4,0
"E0542",47,"Male","African",3,9,20,7,5,1
"E0543",46,"Male","Indigenous",1,2,1,41,3,1
"E0544",29,"Female","Asian",10,8,7,27,17,0
"E0545",41,"Male","Indigenous",8,10,2,48,14,1
"E0546",49,"Female","Hispanic",1,2,19,46,3,1
"E0547",54,"Female","African",1,8,0,23,7,1
"E0548",42,"Male","Asian",4,9,0,36,11,1
"E0549",55,"Female","Caucasian",8,3,20,36,11,1
"E0550",26,"Male","Other",7,4,12,12,20,0
"E0551",63,"Male","Caucasian",5,10,5,19,15,1
"E0552",33,"Female","Caucasian",3,7,13,35,18,0
"E0553",24,"Female","Asian",4,4,6,28,18,0
"E0554",39,"Female","Other",5,4,15,27,10,0
"E0555",22,"Male","African",5,8,3,28,15,0
"E0556",29,"Male","Indigenous",1,9,9,22,10,1
"E0557",61,"Male","Caucasian",5,1,10,14,14,1
"E0558",51,"Male","Hispanic",4,8,10,23,18,0
"E0559",41,"Male","Other",3,4,9,17,13,1
"E0560",55,"Female","Caucasian",2,10,8,14,8,1
"E0561",42,"Female","African",6,6,15,10,9,0
"E0562",40,"Male","African",6,10,17,27,1,1
"E0563",64,"Female","Other",4,8,7,44,17,1
"E0564",39,"Male","Asian",10,5,9,28,2,1
"E0565",61,"Female","Caucasian",3,10,19,5,10,1
"E0566",45,"Male","Asian",7,6,12,31,16,1
"E0567",63,"Male","Indigenous",5,4,25,21,18,0
"E0568",50,"Male","Other",4,7,12,21,11,1
"E0569",55,"Male","Indigenous",2,8,16,11,5,1
"E0570",43,"Female","Caucasian",8,6,13,43,17,1
"E0571",25,"Female","Other",2,5,11,21,6,0
"E0572",44,"Male","Other",5,1,2,19,16,1
"E0573",38,"Female","Caucasian",3,2,11,8,3,0
"E0574",65,"Male","Asian",7,2,15,43,13,1
"E0575",41,"Female","Indigenous",10,4,21,42,18,0
"E0576",60,"Female","Other",2,8,8,49,14,1
"E0577",30,"Female","Asian",6,2,9,21,19,0
"E0578",40,"Female","Hispanic",1,8,1,26,18,0
"E0579",42,"Female","Indigenous",1,6,18,5,0,1
"E0580",64,"Male","Caucasian",3,8,13,23,17,1
"E0581",64,"Female","Hispanic",8,5,3,27,2,1
"E0582",65,"Male","Hispanic",7,7,6,49,18,1
"E0583",38,"Female","Hispanic",4,8,19,22,17,0
"E0584",55,"Male","African",5,6,20,35,1,0
"E0585",28,"Female","Caucasian",10,2,16,17,1,0
"E0586",25,"Male","Other",5,3,25,48,6,1
"E0587",22,"Male","Asian",4,8,0,8,10,1
"E0588",49,"Male","African",10,9,2,8,8,1
"E0589",38,"Male","Hispanic",6,10,7,14,16,1
"E0590",57,"Male","Hispanic",6,9,9,28,13,0
"E0591",55,"Female","Indigenous",8,3,23,43,20,1
"E0592",48,"Male","Indigenous",3,3,20,23,17,1
"E0593",50,"Female","Indigenous",2,1,20,43,2,1
"E0594",47,"Female","Hispanic",5,7,1,9,0,1
"E0595",42,"Male","Caucasian",6,1,21,24,8,1
"E0596",61,"Male","Indigenous",3,2,13,15,5,1
"E0597",56,"Female","Asian",10,2,19,35,5,1
"E0598",34,"Female","African",2,6,9,21,2,0
"E0599",55,"Female","Asian",6,6,9,20,6,1
"E0600",57,"Male","Other",10,9,1,11,1,1
"E0601",62,"Male","Indigenous",2,5,11,32,20,1
"E0602",64,"Female","Indigenous",1,7,11,15,0,1
"E0603",49,"Female","African",10,5,23,13,3,1
"E0604",31,"Male","African",7,1,18,24,19,0
"E0605",53,"Female","African",5,5,5,28,15,1
"E0606",48,"Female","Hispanic",2,6,16,16,17,1
"E0607",54,"Female","African",1,7,8,18,5,1
"E0608",22,"Female","Caucasian",3,4,8,20,13,0
"E0609",35,"Male","Hispanic",3,6,20,12,14,1
"E0610",53,"Male","African",8,7,20,15,7,1
"E0611",49,"Female","Other",5,3,25,19,6,0
"E0612",64,"Female","Indigenous",1,3,19,35,16,1
"E0613",53,"Female","Caucasian",6,5,23,33,8,1
"E0614",62,"Male","Caucasian",10,5,24,32,11,1
"E0615",51,"Female","Indigenous",1,8,15,28,9,1
"E0616",58,"Male","Caucasian",7,4,16,20,18,1
"E0617",55,"Male","Asian",9,9,14,37,15,0
"E0618",62,"Female","Caucasian",6,10,22,7,13,1
"E0619",56,"Male","Caucasian",9,2,21,24,0,1
"E0620",45,"Female","Other",9,10,22,21,19,0
"E0621",65,"Female","Caucasian",1,7,4,28,12,1
"E0622",55,"Male","Other",2,2,19,15,0,1
"E0623",45,"Male","African",1,6,13,14,18,1
"E0624",49,"Male","African",3,2,13,13,2,1
"E0625",39,"Female","Indigenous",1,7,11,14,8,0
"E0626",51,"Male","Indigenous",2,8,7,30,13,1
"E0627",43,"Female","Indigenous",2,6,23,44,4,1
"E0628",47,"Female","Asian",9,2,0,45,7,1
"E0629",41,"Male","African",9,10,21,6,14,0
"E0630",52,"Male","Indigenous",9,10,15,29,12,1
"E0631",61,"Female","Indigenous",6,1,17,19,11,1
"E0632",51,"Male","Other",10,8,1,36,17,1
"E0633",29,"Male","Caucasian",4,1,12,48,16,1
"E0634",46,"Female","African",10,9,5,22,12,1
"E0635",59,"Female","Other",7,1,16,24,17,1
"E0636",56,"Male","African",5,7,10,25,3,0
"E0637",22,"Male","African",5,6,5,28,16,1
"E0638",51,"Female","Indigenous",8,2,25,18,19,1
"E0639",25,"Male","Caucasian",5,3,3,44,8,1
"E0640",49,"Male","African",10,8,15,13,3,0
"E0641",62,"Male","Asian",7,10,1,14,4,0
"E0642",54,"Female","Hispanic",10,2,3,18,14,0
"E0643",64,"Female","Other",1,6,5,21,5,1
"E0644",27,"Male","Caucasian",6,8,15,13,17,1
"E0645",41,"Male","Indigenous",4,6,11,16,9,1
"E0646",35,"Female","Asian",3,1,10,46,15,0
"E0647",30,"Male","Other",3,7,9,40,17,1
"E0648",49,"Male","Other",1,3,11,50,11,1
"E0649",52,"Female","Other",1,7,8,39,20,1
"E0650",45,"Male","Asian",5,6,20,11,8,1
"E0651",27,"Male","Hispanic",4,8,8,22,11,1
"E0652",65,"Male","Other",9,5,2,9,7,1
"E0653",43,"Female","Asian",8,1,19,48,4,1
"E0654",32,"Male","Indigenous",1,5,20,31,10,0
"E0655",30,"Female","Hispanic",2,4,19,48,11,0
"E0656",39,"Female","Other",6,1,20,10,10,0
"E0657",64,"Female","Indigenous",6,9,5,29,14,0
"E0658",40,"Female","Caucasian",2,6,20,12,12,0
"E0659",54,"Male","Indigenous",8,7,16,5,15,0
"E0660",64,"Female","Hispanic",2,3,25,15,15,1
"E0661",61,"Female","Other",2,6,23,11,13,1
"E0662",32,"Male","Asian",3,4,11,7,14,0
"E0663",54,"Male","Asian",9,3,15,28,3,1
"E0664",59,"Female","African",3,10,20,8,2,1
"E0665",55,"Female","Other",5,2,16,8,0,0
"E0666",58,"Male","Indigenous",5,3,2,36,11,1
"E0667",22,"Female","Asian",8,4,9,42,7,0
"E0668",51,"Female","Caucasian",5,10,15,12,20,1
"E0669",39,"Male","Caucasian",9,10,12,45,9,1
"E0670",25,"Female","Asian",6,10,3,46,14,0
"E0671",36,"Female","Caucasian",6,10,23,30,16,0
"E0672",28,"Male","Asian",9,6,0,39,4,1
"E0673",35,"Male","Indigenous",4,7,14,35,12,1
"E0674",31,"Male","Other",4,9,5,27,14,1
"E0675",56,"Male","Hispanic",5,1,1,37,12,1
"E0676",28,"Female","Other",5,3,11,35,1,0
"E0677",26,"Male","Other",4,8,10,22,2,1
"E0678",45,"Female","Indigenous",2,1,2,11,14,1
"E0679",59,"Male","Hispanic",8,7,7,42,0,1
"E0680",26,"Male","African",8,4,20,25,10,1
"E0681",42,"Female","Hispanic",10,7,25,16,11,0
"E0682",62,"Male","Asian",2,2,5,17,13,1
"E0683",56,"Female","Other",3,10,14,14,10,1
"E0684",24,"Male","Hispanic",1,3,24,17,0,1
"E0685",30,"Female","Asian",8,10,10,49,4,0
"E0686",48,"Female","African",9,9,11,12,7,0
"E0687",50,"Female","Asian",8,2,16,20,16,1
"E0688",48,"Female","African",2,6,2,28,14,1
"E0689",60,"Female","African",3,2,19,36,15,0
"E0690",63,"Male","Caucasian",5,9,19,33,20,1
"E0691",38,"Male","Other",3,8,6,41,4,1
"E0692",55,"Male","Indigenous",6,10,22,47,5,1
"E0693",41,"Male","Caucasian",10,2,4,19,1,1
"E0694",47,"Female","Caucasian",9,5,11,12,7,1
"E0695",33,"Female","African",6,7,12,34,15,0
"E0696",45,"Male","Caucasian",7,2,2,17,19,1
"E0697",45,"Female","Asian",3,10,11,49,4,1
"E0698",59,"Male","Other",8,4,25,41,11,1
"E0699",51,"Female","African",7,9,5,25,10,0
"E0700",43,"Male","Hispanic",3,5,6,15,15,1
"E0701",51,"Male","Hispanic",4,9,9,43,4,1
"E0702",31,"Male","Asian",5,2,23,30,20,1
"E0703",54,"Male","African",2,10,13,44,11,1
"E0704",63,"Female","Asian",3,9,9,10,14,1
"E0705",28,"Female","Hispanic",3,8,9,50,2,0
"E0706",46,"Female","Caucasian",8,1,15,41,0,1
"E0707",45,"Female","African",4,7,14,5,0,1
"E0708",23,"Female","African",5,2,17,32,9,0
"E0709",57,"Male","Hispanic",1,3,15,12,20,1
"E0710",29,"Male","Hispanic",10,10,25,27,12,1
"E0711",35,"Female","Caucasian",2,6,2,41,8,0
"E0712",38,"Male","Caucasian",5,4,15,44,4,1
"E0713",58,"Female","Caucasian",9,3,16,25,3,1
"E0714",38,"Male","Other",8,8,2,5,20,1
"E0715",37,"Female","Asian",3,1,11,39,7,0
"E0716",53,"Male","Caucasian",10,7,4,25,20,1
"E0717",46,"Female","Hispanic",6,8,6,29,7,1
"E0718",59,"Female","Hispanic",10,8,10,42,2,1
"E0719",24,"Female","Indigenous",3,8,14,21,2,0
"E0720",35,"Male","Indigenous",8,6,9,42,19,1
"E0721",30,"Female","African",6,1,0,15,17,0
"E0722",65,"Female","African",10,10,23,27,7,1
"E0723",30,"Female","Hispanic",8,4,2,9,3,0
"E0724",45,"Male","Other",4,4,0,36,15,1
"E0725",24,"Male","Indigenous",9,6,21,20,1,1
"E0726",57,"Male","Other",5,5,1,12,20,1
"E0727",56,"Male","African",3,1,13,22,10,1
"E0728",60,"Female","Hispanic",6,9,1,11,8,1
"E0729",54,"Male","Indigenous",7,3,24,22,18,0
"E0730",58,"Male","Caucasian",9,6,10,19,4,1
"E0731",43,"Male","Other",6,7,23,17,0,0
"E0732",25,"Male","Hispanic",5,8,5,7,11,1
"E0733",50,"Female","Caucasian",6,10,16,26,0,1
"E0734",48,"Female","Other",6,8,24,35,11,1
"E0735",29,"Male","Caucasian",3,10,4,32,19,1
"E0736",65,"Female","Asian",7,4,12,43,2,1
"E0737",65,"Male","African",6,8,21,19,16,0
"E0738",33,"Male","Asian",6,1,25,8,16,0
"E0739",30,"Male","Asian",10,7,21,27,7,0
"E0740",45,"Female","African",5,8,3,18,7,0
"E0741",24,"Male","Indigenous",7,9,15,5,18,0
"E0742",24,"Male","Other",8,6,2,50,9,1
"E0743",47,"Male","Indigenous",8,6,9,32,11,1
"E0744",62,"Female","Hispanic",10,3,22,50,11,1
"E0745",28,"Male","African",9,1,9,9,3,1
"E0746",48,"Female","Hispanic",8,7,20,10,17,1
"E0747",44,"Female","Indigenous",3,10,1,33,18,0
"E0748",65,"Female","Indigenous",6,1,19,48,13,1
"E0749",53,"Female","Hispanic",2,1,17,25,7,1
"E0750",36,"Female","Indigenous",5,2,3,15,14,0
"E0751",41,"Male","Indigenous",10,7,15,17,9,1
"E0752",56,"Female","Hispanic",9,8,14,10,10,1
"E0753",48,"Male","African",4,10,7,33,7,1
"E0754",40,"Female","Other",8,6,3,35,8,0
"E0755",23,"Female","Hispanic",1,8,22,22,20,0
"E0756",43,"Male","African",4,5,3,43,17,1
"E0757",58,"Female","Asian",10,6,5,23,19,0
"E0758",62,"Female","Hispanic",7,5,17,50,15,1
"E0759",54,"Female","Asian",1,6,15,31,19,1
"E0760",25,"Male","Caucasian",10,7,0,31,7,1
"E0761",39,"Male","Caucasian",5,9,14,21,9,1
"E0762",58,"Male","Hispanic",9,7,4,43,10,1
"E0763",56,"Female","Asian",9,9,7,50,17,1
"E0764",63,"Female","Indigenous",5,8,24,43,3,1
"E0765",46,"Female","Hispanic",6,2,5,8,18,0
"E0766",60,"Male","Hispanic",9,4,19,26,5,0
"E0767",35,"Male","Indigenous",7,3,5,32,10,1
"E0768",48,"Female","Caucasian",1,9,20,32,6,1
"E0769",31,"Male","African",2,6,0,13,6,1
"E0770",44,"Male","Caucasian",6,2,3,45,11,1
"E0771",31,"Male","Indigenous",4,3,12,48,2,1
"E0772",42,"Female","Caucasian",7,6,24,36,4,1
"E0773",62,"Female","Asian",5,8,23,46,1,1
"E0774",60,"Male","Hispanic",3,10,5,27,15,1
"E0775",27,"Male","African",3,2,4,5,9,1
"E0776",49,"Male","African",10,9,5,20,17,0
"E0777",29,"Male","Other",5,5,18,33,11,0
"E0778",52,"Female","African",10,3,13,47,5,1
"E0779",47,"Male","African",1,7,15,23,11,1
"E0780",45,"Female","African",6,1,23,42,11,1
"E0781",58,"Male","Other",1,1,15,30,7,1
"E0782",40,"Male","Indigenous",1,1,6,39,8,1
"E0783",41,"Female","Caucasian",10,1,2,16,12,1
"E0784",32,"Male","African",1,5,8,46,9,1
"E0785",48,"Male","Other",1,9,21,46,16,1
"E0786",28,"Male","Hispanic",2,3,19,33,0,0
"E0787",63,"Female","Other",1,4,15,12,3,1
"E0788",65,"Male","Indigenous",3,9,1,37,13,1
"E0789",25,"Female","Caucasian",9,5,1,25,7,0
"E0790",52,"Male","Indigenous",4,7,1,31,1,0
"E0791",56,"Female","Hispanic",6,8,9,37,17,1
"E0792",22,"Male","Indigenous",6,2,2,31,1,1
"E0793",26,"Male","Indigenous",5,5,24,46,7,1
"E0794",38,"Female","Caucasian",3,7,16,18,0,0
"E0795",64,"Male","Hispanic",5,9,14,18,0,1
"E0796",22,"Male","Asian",9,8,7,49,7,1
"E0797",45,"Female","African",8,3,21,22,8,1
"E0798",54,"Female","Hispanic",5,5,4,43,3,1
"E0799",39,"Male","African",6,1,11,49,12,1
"E0800",24,"Male","Hispanic",10,8,11,39,20,1
"E0801",26,"Female","African",8,5,12,27,18,0
"E0802",60,"Male","African",10,9,24,27,11,0
"E0803",27,"Male","Asian",5,2,24,14,16,0
"E0804",37,"Male","Caucasian",5,2,9,6,11,1
"E0805",34,"Male","Caucasian",8,6,1,20,8,1
"E0806",54,"Female","African",4,6,25,7,0,1
"E0807",31,"Female","Indigenous",6,2,12,9,3,0
"E0808",35,"Female","Hispanic",6,9,25,40,20,0
"E0809",63,"Female","Caucasian",4,9,9,12,12,1
"E0810",55,"Male","Hispanic",1,9,7,19,18,1
"E0811",37,"Female","Asian",8,2,17,35,1,0
"E0812",62,"Male","Indigenous",10,10,22,8,14,0
"E0813",38,"Female","Indigenous",2,3,24,6,13,0
"E0814",23,"Male","Indigenous",1,3,24,14,2,1
"E0815",36,"Male","Indigenous",2,6,6,9,9,1
"E0816",44,"Male","Caucasian",4,8,6,33,15,1
"E0817",48,"Male","Asian",9,2,10,22,15,0
"E0818",61,"Female","Hispanic",8,9,22,42,8,1
"E0819",24,"Male","Hispanic",2,8,5,34,2,0
"E0820",55,"Female","Caucasian",1,10,11,14,14,1
"E0821",24,"Male","Asian",7,7,14,26,7,0
"E0822",64,"Male","Caucasian",7,8,24,32,2,1
"E0823",58,"Male","Indigenous",9,5,10,47,2,1
"E0824",43,"Male","Hispanic",7,4,17,40,14,1
"E0825",54,"Female","Other",3,1,23,10,14,1
"E0826",24,"Male","Asian",3,8,0,10,13,1
"E0827",35,"Male","African",6,7,7,12,5,0
"E0828",59,"Female","Asian",4,7,20,30,18,1
"E0829",37,"Male","Indigenous",10,10,16,50,16,1
"E0830",31,"Male","Caucasian",2,5,20,34,0,0
"E0831",48,"Female","Indigenous",10,10,24,17,12,1
"E0832",29,"Male","African",4,5,14,28,3,0
"E0833",44,"Male","African",9,8,5,17,14,1
"E0834",30,"Male","Hispanic",3,6,21,21,7,1
"E0835",56,"Male","Hispanic",1,8,12,7,13,1
"E0836",55,"Female","Asian",4,4,6,5,5,1
"E0837",59,"Male","Indigenous",3,6,6,43,15,1
"E0838",55,"Male","African",3,5,17,47,19,1
"E0839",51,"Female","Caucasian",8,8,3,26,19,1
"E0840",46,"Male","Indigenous",8,3,22,42,19,1
"E0841",51,"Female","Other",10,2,6,48,4,1
"E0842",30,"Male","Asian",1,6,18,13,6,1
"E0843",58,"Female","Other",6,7,14,14,13,0
"E0844",38,"Female","Caucasian",6,9,16,19,7,0
"E0845",65,"Male","Hispanic",4,1,17,41,1,1
"E0846",41,"Female","Hispanic",10,10,17,46,7,0
"E0847",57,"Female","Caucasian",10,10,14,19,16,1
"E0848",59,"Female","Hispanic",7,10,17,10,13,1
"E0849",55,"Male","Caucasian",1,4,13,43,1,1
"E0850",24,"Male","Hispanic",4,9,4,17,14,0
"E0851",38,"Male","Other",5,10,2,31,13,1
"E0852",45,"Female","Indigenous",3,7,16,49,18,1
"E0853",32,"Male","Indigenous",4,1,17,49,7,1
"E0854",29,"Male","Caucasian",6,3,22,44,3,1
"E0855",60,"Male","Caucasian",3,1,22,21,19,1
"E0856",41,"Male","Hispanic",5,2,14,8,2,1
"E0857",49,"Female","Indigenous",9,1,3,28,11,0
"E0858",44,"Male","Indigenous",10,2,22,13,13,0
"E0859",54,"Female","Asian",7,8,0,50,10,1
"E0860",40,"Female","Asian",1,4,21,20,13,0
"E0861",37,"Female","Indigenous",3,1,3,5,18,0
"E0862",61,"Female","Other",9,2,20,14,9,0
"E0863",31,"Male","Other",10,2,19,30,14,0
"E0864",31,"Female","Caucasian",10,7,1,7,18,0
"E0865",40,"Female","Asian",9,1,12,11,19,0
"E0866",34,"Male","Indigenous",9,8,2,6,12,0
"E0867",44,"Female","Asian",10,1,10,15,3,0
"E0868",65,"Female","Asian",10,1,13,39,8,1
"E0869",61,"Male","Indigenous",8,4,10,8,0,0
"E0870",59,"Male","Indigenous",3,4,24,29,0,1
"E0871",60,"Male","Hispanic",1,1,13,24,4,1
"E0872",60,"Male","Hispanic",8,9,17,11,7,0
"E0873",58,"Male","Asian",5,3,5,50,1,1
"E0874",22,"Female","Indigenous",5,9,2,43,14,0
"E0875",64,"Male","Asian",1,5,13,38,20,1
"E0876",55,"Male","Hispanic",2,6,21,18,3,1
"E0877",44,"Male","Other",6,5,3,19,10,0
"E0878",63,"Male","Caucasian",5,4,16,49,4,1
"E0879",59,"Male","Hispanic",2,3,8,40,0,1
"E0880",57,"Female","Indigenous",7,4,12,9,11,0
"E0881",33,"Female","Asian",1,7,19,38,9,0
"E0882",27,"Male","Caucasian",6,2,10,24,11,0
"E0883",38,"Male","Other",10,9,0,39,17,1
"E0884",22,"Female","Other",3,8,17,13,1,0
"E0885",64,"Female","Asian",9,6,8,42,15,1
"E0886",41,"Female","Caucasian",4,1,7,5,9,1
"E0887",47,"Male","Caucasian",7,8,5,29,5,1
"E0888",40,"Female","Indigenous",3,8,13,14,19,0
"E0889",58,"Male","Other",1,9,17,39,2,1
"E0890",24,"Female","Asian",3,8,23,42,15,0
"E0891",40,"Male","Caucasian",5,10,12,31,0,1
"E0892",41,"Female","African",9,3,11,33,4,0
"E0893",52,"Female","Hispanic",4,6,15,39,5,1
"E0894",35,"Male","Asian",4,4,20,37,12,0
"E0895",55,"Female","Hispanic",8,9,6,48,17,1
"E0896",54,"Female","Indigenous",6,9,9,8,11,0
"E0897",43,"Male","African",9,5,18,21,10,0
"E0898",28,"Male","Caucasian",1,2,14,33,1,0
"E0899",59,"Female","Asian",5,1,16,35,11,1
"E0900",65,"Female","African",1,10,16,49,11,1
"E0901",64,"Female","Asian",9,5,17,27,9,0
"E0902",31,"Female","Indigenous",6,6,1,45,19,0
"E0903",51,"Female","Hispanic",6,5,9,31,18,1
"E0904",46,"Male","Other",8,10,23,32,7,0
"E0905",31,"Female","Indigenous",5,1,13,25,17,0
"E0906",51,"Male","Caucasian",3,4,4,15,14,1
"E0907",48,"Female","Hispanic",5,10,15,13,13,0
"E0908",40,"Female","African",6,4,6,26,4,0
"E0909",63,"Female","Indigenous",2,10,5,35,0,1
"E0910",30,"Female","African",9,8,13,47,10,0
"E0911",43,"Male","Other",10,1,3,46,14,1
"E0912",48,"Female","Indigenous",4,1,4,27,3,1
"E0913",29,"Male","Caucasian",3,4,21,45,14,1
"E0914",40,"Female","Caucasian",5,5,11,40,4,0
"E0915",28,"Male","African",5,9,24,23,11,0
"E0916",47,"Male","African",10,4,2,36,12,1
"E0917",37,"Male","African",9,9,14,48,7,1
"E0918",29,"Female","Indigenous",7,9,10,48,10,0
"E0919",44,"Male","Indigenous",7,6,16,12,15,1
"E0920",42,"Male","Indigenous",5,5,9,44,0,1
"E0921",37,"Female","Hispanic",5,2,7,9,13,0
"E0922",52,"Female","African",6,6,7,20,11,0
"E0923",50,"Male","Caucasian",10,8,10,35,11,1
"E0924",64,"Female","Asian",4,7,14,31,14,0
"E0925",48,"Female","Caucasian",3,4,19,10,8,1
"E0926",31,"Female","Other",6,4,21,5,2,0
"E0927",41,"Female","Hispanic",1,3,4,28,16,0
"E0928",39,"Female","Caucasian",3,6,7,47,14,0
"E0929",37,"Female","African",7,5,20,13,3,0
"E0930",29,"Male","Caucasian",5,10,4,26,19,1
"E0931",42,"Male","Indigenous",4,6,18,27,3,1
"E0932",58,"Female","Caucasian",9,7,11,45,6,1
"E0933",44,"Male","Hispanic",3,2,13,38,20,1
"E0934",23,"Male","Asian",6,3,4,8,3,1
"E0935",54,"Female","Caucasian",6,1,3,35,16,1
"E0936",49,"Female","Caucasian",5,8,15,45,20,1
"E0937",52,"Male","Caucasian",2,10,11,19,6,1
"E0938",49,"Male","African",5,4,3,25,17,1
"E0939",63,"Male","Asian",5,7,16,34,19,1
"E0940",30,"Female","Other",3,8,8,31,20,0
"E0941",54,"Female","African",5,10,24,12,5,1
"E0942",38,"Male","Caucasian",9,5,13,26,0,1
"E0943",27,"Female","African",8,5,17,36,20,0
"E0944",33,"Male","Other",9,7,2,34,9,1
"E0945",40,"Female","Other",6,10,22,34,2,0
"E0946",54,"Female","Asian",5,6,1,20,1,0
"E0947",32,"Female","Hispanic",6,5,15,50,19,0
"E0948",49,"Male","African",1,9,12,13,16,1
"E0949",48,"Male","African",8,5,10,22,12,0
"E0950",37,"Female","Hispanic",6,6,3,6,7,0
"E0951",35,"Male","Other",4,5,3,34,4,1
"E0952",44,"Male","Caucasian",4,1,9,8,9,1
"E0953",58,"Male","Other",5,1,16,38,16,1
"E0954",61,"Female","Hispanic",3,8,12,39,14,1
"E0955",40,"Male","Indigenous",6,7,6,22,10,1
"E0956",65,"Male","Indigenous",5,1,4,43,5,1
"E0957",28,"Female","Caucasian",5,6,18,12,2,0
"E0958",54,"Female","African",2,9,20,23,14,1
"E0959",45,"Female","Other",9,6,11,32,15,1
"E0960",36,"Male","Asian",10,4,4,22,5,0
"E0961",29,"Female","Caucasian",5,6,21,34,12,0
"E0962",27,"Male","Other",7,2,7,50,3,1
"E0963",64,"Male","Other",7,9,9,14,11,1
"E0964",55,"Male","Indigenous",8,9,8,7,14,0
"E0965",54,"Female","Indigenous",9,8,8,33,3,1
"E0966",51,"Female","Hispanic",3,2,4,6,20,1
"E0967",58,"Male","Asian",7,5,19,31,7,0
"E0968",58,"Male","African",8,9,18,34,14,1
"E0969",64,"Female","African",6,5,2,5,13,0
"E0970",48,"Female","Asian",1,4,1,30,19,1
"E0971",48,"Male","Asian",8,4,22,30,4,0
"E0972",38,"Male","Caucasian",8,1,14,18,9,1
"E0973",38,"Female","African",6,3,17,18,13,0
"E0974",47,"Male","African",5,8,22,8,1,0
"E0975",51,"Female","Caucasian",4,5,0,19,14,1
"E0976",48,"Male","Caucasian",1,5,7,31,20,1
"E0977",40,"Female","Caucasian",5,10,16,6,14,0
"E0978",34,"Female","Caucasian",7,8,7,26,7,0
"E0979",39,"Female","Asian",7,8,9,24,4,0
"E0980",31,"Male","Caucasian",1,6,13,38,16,1
"E0981",24,"Female","Other",10,9,16,9,1,0
"E0982",49,"Female","Other",3,10,22,48,15,1
"E0983",42,"Male","Asian",2,6,23,47,2,1
"E0984",31,"Female","Hispanic",6,4,11,28,14,0
"E0985",54,"Female","Caucasian",9,4,6,28,0,1
"E0986",32,"Male","Indigenous",1,4,4,44,9,1
"E0987",34,"Female","Indigenous",2,6,16,15,17,0
"E0988",28,"Male","Indigenous",4,6,24,24,0,0
"E0989",61,"Male","Indigenous",8,9,15,30,11,0
"E0990",57,"Male","Other",1,1,0,7,3,1
"E0991",35,"Female","Indigenous",5,2,11,18,6,0
"E0992",26,"Female","Caucasian",1,9,21,17,4,0
"E0993",41,"Female","Hispanic",4,9,25,13,8,0
"E0994",44,"Male","Caucasian",9,8,7,17,0,1
"E0995",40,"Female","Caucasian",1,3,15,34,13,0
"E0996",24,"Male","African",6,3,0,37,8,1
"E0997",23,"Female","African",9,2,13,35,13,0
"E0998",59,"Female","Indigenous",9,3,25,36,10,0
"E0999",60,"Female","Other",5,3,16,27,16,1
"E1000",31,"Male","Caucasian",9,2,10,16,4,1
"E1001",63,"Female","Other",5,4,2,20,13,0
"E1002",63,"Male","African",2,6,4,27,6,1
"E1003",49,"Female","Caucasian",6,8,11,9,8,1
"E1004",56,"Male","Indigenous",7,10,2,41,2,1
"E1005",45,"Female","Caucasian",9,4,3,49,6,1
"E1006",38,"Male","Other",2,3,8,39,4,1
"E1007",31,"Female","African",8,4,15,42,2,0
"E1008",63,"Male","Hispanic",3,8,24,31,6,0
"E1009",61,"Male","African",4,6,19,47,14,1
"E1010",46,"Male","Indigenous",4,9,9,15,2,1
"E1011",44,"Female","African",4,1,23,50,10,1
"E1012",34,"Male","Indigenous",4,5,25,36,0,1
"E1013",61,"Male","Caucasian",9,6,22,7,17,1
"E1014",48,"Female","African",2,10,8,34,1,0
"E1015",58,"Female","Indigenous",4,1,14,16,5,1
"E1016",38,"Male","Other",7,9,3,37,7,1
"E1017",46,"Male","Hispanic",10,9,6,25,15,0
"E1018",30,"Male","Asian",3,5,22,25,6,1
"E1019",61,"Female","Caucasian",1,2,21,42,19,1
"E1020",49,"Male","Asian",3,5,6,16,8,1
"E1021",40,"Male","Other",8,7,17,13,0,0
"E1022",34,"Female","Caucasian",4,5,6,41,11,0
"E1023",54,"Female","Caucasian",8,5,13,19,18,1
"E1024",33,"Male","Other",9,4,3,22,20,1
"E1025",22,"Male","Hispanic",2,6,14,13,15,1
"E1026",59,"Female","Indigenous",6,9,11,11,2,1
"E1027",40,"Male","Indigenous",3,7,12,6,12,1
"E1028",40,"Male","African",4,7,19,50,10,1
"E1029",58,"Male","Hispanic",3,2,10,30,11,1
"E1030",44,"Male","Asian",9,9,14,49,19,1
"E1031",48,"Female","African",10,2,3,25,19,1
"E1032",52,"Female","Hispanic",10,4,24,19,5,1
"E1033",43,"Male","Indigenous",8,3,14,15,20,0
"E1034",34,"Male","Indigenous",1,6,19,25,12,1
"E1035",35,"Male","Hispanic",5,2,18,24,20,1
"E1036",65,"Male","Asian",10,7,0,10,3,0
"E1037",41,"Female","Hispanic",4,2,10,46,16,0
"E1038",29,"Female","African",3,2,3,14,0,0
"E1039",64,"Female","Indigenous",3,4,16,31,5,1
"E1040",35,"Female","Hispanic",7,4,24,14,5,0
"E1041",23,"Female","Indigenous",1,9,3,40,20,0
"E1042",35,"Male","Indigenous",6,6,23,39,15,1
"E1043",51,"Male","Indigenous",6,7,12,47,8,1
"E1044",31,"Male","Hispanic",9,5,15,27,2,1
"E1045",23,"Male","Hispanic",10,10,4,8,20,1
"E1046",63,"Female","Indigenous",10,7,9,5,5,1
"E1047",53,"Male","Indigenous",9,4,22,26,1,0
"E1048",24,"Female","African",6,9,24,27,3,0
"E1049",55,"Male","Indigenous",5,2,6,12,10,1
"E1050",49,"Male","Indigenous",4,10,8,8,19,1
"E1051",49,"Male","Asian",8,7,17,11,7,1
"E1052",51,"Male","Hispanic",1,9,15,12,3,1
"E1053",31,"Male","Hispanic",7,5,4,10,12,0
"E1054",46,"Male","African",1,10,16,31,1,1
"E1055",40,"Male","Other",2,7,25,44,7,1
"E1056",33,"Female","Asian",9,3,23,26,12,0
"E1057",39,"Male","Other",3,4,15,13,2,1
"E1058",52,"Female","Caucasian",5,6,10,44,7,1
"E1059",39,"Male","Caucasian",10,3,25,39,16,1
"E1060",64,"Female","Asian",5,9,9,30,18,0
"E1061",30,"Male","Other",4,1,17,12,0,1
"E1062",29,"Male","African",8,9,7,27,6,0
"E1063",62,"Female","Asian",4,5,3,24,1,1
"E1064",29,"Male","Caucasian",10,6,23,28,6,0
"E1065",56,"Male","Caucasian",9,9,17,10,17,1
"E1066",29,"Female","Hispanic",7,1,4,27,20,0
"E1067",31,"Male","Indigenous",6,6,17,33,19,1
"E1068",31,"Male","Other",1,7,21,48,0,1
"E1069",55,"Female","Other",3,8,11,18,7,1
"E1070",32,"Female","Hispanic",2,4,14,12,8,0
"E1071",63,"Female","African",9,7,8,47,18,1
"E1072",41,"Female","Other",3,2,8,28,20,0
"E1073",23,"Female","Caucasian",4,6,14,21,14,0
"E1074",52,"Female","Other",3,5,8,8,8,1
"E1075",46,"Male","Asian",2,8,3,11,0,1
"E1076",31,"Male","Hispanic",5,7,16,30,5,0
"E1077",53,"Male","Hispanic",10,3,19,33,10,1
"E1078",57,"Female","African",4,1,17,13,8,1
"E1079",36,"Female","Other",7,8,16,30,1,0
"E1080",44,"Male","Asian",2,5,21,12,1,1
"E1081",45,"Male","Hispanic",8,5,24,43,13,1
"E1082",46,"Female","African",1,10,13,35,15,0
"E1083",32,"Male","Other",5,10,15,11,6,1
"E1084",40,"Male","Other",8,5,7,24,18,0
"E1085",63,"Female","Asian",9,4,20,49,16,1
"E1086",55,"Male","Other",9,9,25,45,17,1
"E1087",26,"Female","Asian",1,7,21,37,9,0
"E1088",40,"Male","African",8,8,17,8,19,0
"E1089",44,"Female","Hispanic",2,2,20,41,7,1
"E1090",64,"Male","Hispanic",7,3,11,34,12,0
"E1091",64,"Male","Caucasian",2,6,12,19,13,1
"E1092",63,"Male","Hispanic",8,10,10,48,9,1
"E1093",26,"Female","Caucasian",4,9,20,37,5,0
"E1094",42,"Male","Asian",4,3,14,12,1,0
"E1095",63,"Female","Asian",8,1,10,32,5,1
"E1096",38,"Female","Hispanic",6,6,16,18,14,0
"E1097",56,"Male","African",4,7,3,24,1,1
"E1098",31,"Female","Other",7,10,5,21,12,0
"E1099",49,"Male","Hispanic",2,9,7,40,3,1
"E1100",55,"Female","African",3,5,16,49,3,1
"E1101",43,"Female","Caucasian",2,6,21,26,5,1
"E1102",26,"Female","Asian",4,9,10,47,5,0
"E1103",45,"Female","Asian",9,4,24,44,20,1
"E1104",33,"Male","Asian",8,9,24,8,6,1
"E1105",36,"Male","Other",4,4,3,34,6,1
"E1106",47,"Female","Indigenous",5,8,6,10,6,0
"E1107",59,"Female","Hispanic",8,9,23,39,17,1
"E1108",54,"Female","Hispanic",5,3,2,43,11,1
"E1109",49,"Male","Other",3,10,0,47,14,1
"E1110",44,"Male","Other",2,9,7,13,14,1
"E1111",62,"Male","Other",7,6,13,41,0,1
"E1112",35,"Female","African",7,10,16,30,0,0
"E1113",33,"Male","African",2,4,9,45,16,1
"E1114",39,"Male","African",5,4,19,5,0,1
"E1115",28,"Female","Other",10,1,6,28,5,0
"E1116",37,"Male","Indigenous",8,3,13,50,6,1
"E1117",33,"Female","Caucasian",1,9,20,10,20,0
"E1118",65,"Female","Indigenous",8,9,24,33,4,1
"E1119",27,"Female","Caucasian",2,10,3,38,5,0
"E1120",40,"Female","Indigenous",1,8,10,41,12,0
"E1121",23,"Female","Asian",7,8,16,12,4,0
"E1122",29,"Male","Hispanic",1,5,9,13,15,1
"E1123",45,"Male","Asian",10,2,17,46,13,1
"E1124",42,"Female","African",5,1,19,47,19,1
"E1125",54,"Female","Indigenous",8,3,23,45,20,1
"E1126",46,"Female","Hispanic",8,6,1,16,15,1
"E1127",49,"Female","Other",7,10,14,5,8,0
"E1128",46,"Male","Hispanic",4,1,7,7,11,1
"E1129",54,"Female","Indigenous",5,8,25,13,7,1
"E1130",27,"Male","Hispanic",4,4,3,26,19,1
"E1131",40,"Male","Asian",2,9,4,25,10,1
"E1132",57,"Male","African",5,10,8,11,2,0
"E1133",42,"Female","Hispanic",8,3,4,19,20,0
"E1134",22,"Male","Indigenous",5,3,4,28,3,1
"E1135",22,"Male","Caucasian",2,7,20,34,17,0
"E1136",22,"Female","Hispanic",1,1,18,5,4,0
"E1137",36,"Male","Hispanic",6,1,5,23,2,0
"E1138",47,"Female","Asian",1,7,22,28,4,1
"E1139",48,"Female","Indigenous",8,2,18,14,7,1
"E1140",39,"Male","Asian",7,10,19,10,10,1
"E1141",42,"Female","Caucasian",6,10,12,39,7,1
"E1142",51,"Female","African",10,3,1,42,19,1
"E1143",32,"Male","Asian",3,9,15,38,18,1
"E1144",54,"Male","Caucasian",1,10,13,9,15,1
"E1145",51,"Male","Asian",10,9,22,45,4,1
"E1146",31,"Male","Indigenous",6,3,0,22,7,0
"E1147",62,"Male","African",3,8,7,39,6,1
"E1148",58,"Male","Caucasian",3,4,20,13,12,1
"E1149",59,"Male","African",2,2,21,27,4,1
"E1150",64,"Female","Indigenous",9,6,11,41,13,1
"E1151",58,"Female","Caucasian",6,10,8,39,3,1
"E1152",40,"Male","African",7,10,23,9,18,1
"E1153",27,"Male","Asian",4,8,8,43,9,1
"E1154",29,"Female","Indigenous",5,9,2,11,12,0
"E1155",37,"Female","Indigenous",1,3,8,50,14,0
"E1156",38,"Female","African",10,7,0,36,8,0
"E1157",65,"Female","Indigenous",3,9,21,13,3,1
"E1158",63,"Male","African",7,10,10,16,20,1
"E1159",29,"Male","Asian",2,5,22,32,14,0
"E1160",61,"Female","African",10,6,21,30,14,1
"E1161",60,"Male","Hispanic",7,2,0,19,1,0
"E1162",32,"Male","Other",2,3,22,40,18,1
"E1163",63,"Male","Hispanic",10,9,4,19,18,0
"E1164",36,"Female","African",8,9,8,35,2,0
"E1165",52,"Male","Asian",4,5,12,38,4,1
"E1166",40,"Male","Asian",4,9,2,10,0,1
"E1167",44,"Male","Other",4,5,9,42,8,1
"E1168",46,"Female","Indigenous",1,3,12,32,8,0
"E1169",24,"Male","Indigenous",3,3,17,10,1,1
"E1170",49,"Female","Indigenous",10,2,16,40,2,1
"E1171",63,"Female","Indigenous",10,1,11,41,8,1
"E1172",37,"Male","Indigenous",8,5,4,26,6,0
"E1173",42,"Female","African",1,8,23,23,8,1
"E1174",48,"Male","Hispanic",1,10,23,29,11,1
"E1175",52,"Female","Asian",3,3,8,22,18,1
"E1176",54,"Female","Asian",5,2,11,24,15,1
"E1177",30,"Female","Other",3,8,9,32,5,0
"E1178",64,"Female","Other",4,2,22,41,18,1
"E1179",58,"Female","Hispanic",4,5,24,46,6,1
"E1180",48,"Female","Other",6,1,1,26,18,1
"E1181",56,"Male","Hispanic",4,2,12,15,2,1
"E1182",26,"Male","Other",2,6,2,6,10,1
"E1183",49,"Male","Hispanic",5,10,12,36,19,1
"E1184",32,"Male","Caucasian",5,3,6,49,9,1
"E1185",58,"Female","Other",7,8,20,5,17,1
"E1186",29,"Female","African",1,1,9,37,5,0
"E1187",59,"Male","Other",1,3,16,6,11,1
"E1188",42,"Male","Indigenous",2,8,12,33,17,0
"E1189",25,"Male","Asian",2,9,3,39,6,1
"E1190",26,"Male","Other",9,4,19,28,0,0
"E1191",45,"Male","African",3,3,5,10,6,0
"E1192",33,"Male","Indigenous",4,3,16,24,7,1
"E1193",60,"Female","Indigenous",4,3,1,9,19,1
"E1194",49,"Male","Other",8,7,10,18,2,1
"E1195",63,"Female","African",4,8,16,9,11,1
"E1196",57,"Male","Caucasian",1,6,15,9,8,1
"E1197",23,"Female","Other",1,8,0,43,17,0
"E1198",33,"Male","Caucasian",8,7,8,42,13,1
"E1199",22,"Female","Caucasian",5,8,17,23,2,0
"E1200",33,"Female","Indigenous",1,6,14,34,2,0
"E1201",52,"Female","Indigenous",9,6,18,37,10,1
"E1202",22,"Female","Hispanic",7,9,16,48,13,0
"E1203",31,"Female","Other",5,7,9,10,1,0
"E1204",52,"Female","Asian",4,10,24,12,13,0
"E1205",24,"Female","African",10,3,19,44,16,0
"E1206",38,"Female","African",5,7,11,19,16,0
"E1207",25,"Female","Asian",2,1,3,20,8,0
"E1208",46,"Male","Hispanic",9,7,12,49,5,1
"E1209",32,"Female","African",3,1,18,20,7,0
"E1210",60,"Male","Asian",5,1,23,44,19,1
"E1211",31,"Male","Hispanic",4,2,6,37,13,1
"E1212",37,"Male","Indigenous",10,7,25,10,12,0
"E1213",28,"Male","Hispanic",6,3,20,6,1,1
"E1214",56,"Female","African",2,1,14,10,6,1
"E1215",52,"Male","African",7,5,9,25,6,0
"E1216",42,"Male","African",10,7,1,40,12,1
"E1217",47,"Female","African",9,2,23,21,19,0
"E1218",50,"Female","Caucasian",1,6,19,13,14,1
"E1219",64,"Male","Indigenous",10,5,25,40,19,1
"E1220",58,"Male","Hispanic",6,5,12,38,17,1
"E1221",34,"Male","Hispanic",6,9,23,23,13,1
"E1222",25,"Female","Caucasian",7,10,5,43,6,0
"E1223",29,"Female","Asian",3,4,4,44,1,0
"E1224",56,"Male","Caucasian",1,1,7,11,18,1
"E1225",30,"Male","Asian",2,6,2,30,5,1
"E1226",34,"Female","Other",7,4,0,22,15,0
"E1227",26,"Female","African",5,5,1,26,18,0
"E1228",33,"Female","Other",10,8,11,14,4,0
"E1229",25,"Male","African",2,4,16,5,14,1
"E1230",46,"Female","African",3,2,10,37,18,1
"E1231",31,"Male","Indigenous",6,9,11,33,7,1
"E1232",24,"Male","Hispanic",8,1,6,5,12,0
"E1233",60,"Female","Caucasian",3,6,19,6,6,1
"E1234",59,"Female","Caucasian",6,8,24,9,17,1
"E1235",38,"Male","Hispanic",4,4,9,21,1,1
"E1236",47,"Male","Other",2,3,7,38,16,1
"E1237",41,"Male","Other",2,6,6,47,18,1
"E1238",63,"Male","Hispanic",2,3,5,38,20,1
"E1239",41,"Male","Caucasian",1,1,24,22,8,1
"E1240",33,"Male","African",9,9,21,24,9,1
"E1241",41,"Female","Indigenous",5,10,9,39,18,0
"E1242",49,"Female","Hispanic",3,1,21,15,0,1
"E1243",56,"Male","African",8,5,1,19,16,0
"E1244",24,"Female","Asian",1,6,9,48,9,0
"E1245",33,"Male","Other",7,3,14,39,0,1
"E1246",56,"Male","Indigenous",8,10,13,23,12,1
"E1247",52,"Female","Indigenous",2,10,18,31,2,0
"E1248",41,"Male","Indigenous",5,9,14,44,9,1
"E1249",44,"Female","Caucasian",3,10,8,8,4,1
"E1250",59,"Male","Hispanic",6,2,15,50,18,1
"E1251",31,"Female","Hispanic",6,5,11,36,18,0
"E1252",47,"Female","Other",4,6,4,47,12,1
"E1253",52,"Female","Hispanic",5,2,22,30,19,1
"E1254",59,"Female","Indigenous",8,2,12,6,12,1
"E1255",64,"Female","Other",8,6,12,46,19,1
"E1256",22,"Male","Indigenous",8,2,20,21,14,1
"E1257",63,"Female","African",3,8,19,48,8,1
"E1258",56,"Female","Hispanic",6,5,7,41,16,1
"E1259",34,"Male","Asian",7,7,9,47,16,1
"E1260",26,"Male","Indigenous",10,3,10,30,12,0
"E1261",63,"Male","Hispanic",10,3,3,44,10,1
"E1262",35,"Male","Asian",3,7,20,15,1,1
"E1263",48,"Male","Indigenous",2,10,0,41,4,1
"E1264",48,"Male","Caucasian",8,9,18,40,12,1
"E1265",54,"Female","Asian",6,8,18,6,20,1
"E1266",53,"Male","Caucasian",6,9,20,38,12,1
"E1267",22,"Male","Asian",9,7,18,25,11,0
"E1268",53,"Female","Other",3,10,0,16,8,1
"E1269",64,"Male","Asian",6,1,13,28,0,1
"E1270",35,"Male","Other",10,6,5,21,9,1
"E1271",54,"Male","African",10,3,24,34,6,1
"E1272",41,"Female","Caucasian",8,3,25,37,16,1
"E1273",24,"Female","Indigenous",8,10,13,7,3,0
"E1274",24,"Male","Indigenous",7,9,8,24,7,1
"E1275",44,"Male","Caucasian",10,2,22,48,11,1
"E1276",54,"Female","Indigenous",8,10,4,22,12,1
"E1277",27,"Female","Indigenous",8,10,16,6,12,0
"E1278",27,"Male","Other",6,8,9,12,10,1
"E1279",35,"Female","Asian",1,1,11,15,20,0
"E1280",41,"Female","Hispanic",6,10,8,12,12,0
"E1281",29,"Female","Hispanic",4,7,16,50,2,0
"E1282",30,"Female","Asian",6,8,8,39,3,0
"E1283",57,"Male","Hispanic",1,10,23,5,2,1
"E1284",60,"Male","Hispanic",5,5,9,11,15,1
"E1285",57,"Female","Caucasian",8,1,11,44,0,1
"E1286",36,"Male","African",5,5,2,27,17,0
"E1287",28,"Female","Caucasian",4,9,13,47,4,0
"E1288",50,"Male","African",5,2,21,37,3,0
"E1289",36,"Male","African",5,2,13,7,2,1
"E1290",51,"Female","Caucasian",10,5,0,34,11,1
"E1291",37,"Male","African",10,4,1,31,1,1
"E1292",38,"Male","Other",8,2,13,11,14,0
"E1293",22,"Male","Hispanic",5,3,0,27,2,1
"E1294",40,"Male","Hispanic",5,9,13,29,20,0
"E1295",29,"Male","Caucasian",2,9,9,13,1,1
"E1296",32,"Male","Hispanic",3,10,3,8,5,1
"E1297",31,"Female","African",3,4,22,29,0,0
"E1298",48,"Male","Indigenous",9,7,8,15,14,0
"E1299",49,"Male","African",10,1,3,18,7,1
"E1300",23,"Male","Hispanic",5,9,18,18,11,0
"E1301",47,"Male","Asian",6,7,13,26,10,0
"E1302",29,"Male","Asian",9,4,5,44,16,1
"E1303",51,"Female","Indigenous",7,8,6,19,0,0
"E1304",49,"Male","Indigenous",10,3,23,29,6,1
"E1305",37,"Female","Other",8,8,20,8,1,0
"E1306",53,"Male","Asian",3,5,5,27,12,1
"E1307",44,"Female","Asian",6,2,25,16,16,1
"E1308",58,"Male","Other",6,1,2,14,2,1
"E1309",28,"Female","Asian",2,10,17,13,10,0
"E1310",58,"Female","African",7,1,23,17,8,1
"E1311",33,"Female","Caucasian",9,4,9,33,18,0
"E1312",27,"Male","Indigenous",10,8,15,25,16,1
"E1313",51,"Female","African",6,10,11,44,3,1
"E1314",38,"Female","Indigenous",6,10,6,32,13,0
"E1315",44,"Male","African",8,1,20,8,18,1
"E1316",58,"Male","Hispanic",4,9,9,43,4,1
"E1317",59,"Female","Other",5,5,7,23,9,1
"E1318",49,"Female","Caucasian",5,9,13,29,11,1
"E1319",58,"Female","Hispanic",5,5,4,48,0,1
"E1320",22,"Male","Other",7,8,10,47,6,1
"E1321",43,"Female","Indigenous",4,4,25,42,12,1
"E1322",42,"Male","Other",4,2,25,43,19,1
"E1323",39,"Female","Caucasian",6,10,11,42,18,0
"E1324",22,"Male","Hispanic",8,2,1,47,8,1
"E1325",59,"Male","African",5,4,16,30,3,1
"E1326",64,"Male","Indigenous",8,2,25,5,0,0
"E1327",33,"Male","African",10,7,12,14,15,0
"E1328",56,"Female","African",9,3,6,43,20,1
"E1329",50,"Female","Hispanic",8,10,2,12,17,0
"E1330",52,"Female","Other",6,5,21,47,5,1
"E1331",22,"Female","Caucasian",7,2,4,35,5,0
"E1332",45,"Female","African",3,2,20,24,11,1
"E1333",24,"Male","Asian",5,1,25,29,15,0
"E1334",22,"Female","Other",8,1,5,16,8,0
"E1335",23,"Female","Indigenous",6,9,20,6,3,0
"E1336",34,"Female","Other",1,10,11,43,0,0
"E1337",64,"Female","African",2,8,0,35,14,0
"E1338",27,"Male","Asian",1,4,20,36,13,0
"E1339",59,"Female","Hispanic",1,3,18,18,7,1
"E1340",43,"Female","Other",6,5,1,10,2,1
"E1341",28,"Female","African",2,8,0,27,13,0
"E1342",33,"Male","Indigenous",5,8,15,19,12,0
"E1343",50,"Female","Caucasian",1,10,6,29,19,1
"E1344",22,"Female","Other",5,7,1,45,8,0
"E1345",34,"Female","Caucasian",10,10,18,27,8,0
"E1346",52,"Male","Indigenous",2,5,13,38,14,1
"E1347",56,"Female","Indigenous",8,10,7,6,4,0
"E1348",46,"Female","Caucasian",10,10,7,45,13,1
"E1349",61,"Female","Caucasian",3,7,14,10,20,1
"E1350",46,"Male","African",3,7,11,48,18,1
"E1351",36,"Female","Hispanic",7,5,6,8,20,0
"E1352",58,"Female","Caucasian",10,4,19,41,19,1
"E1353",32,"Male","Caucasian",9,3,10,5,2,0
"E1354",45,"Female","Hispanic",3,4,17,35,14,1
"E1355",40,"Female","Hispanic",9,6,25,32,2,0
"E1356",56,"Female","Other",6,1,2,23,2,1
"E1357",54,"Male","Indigenous",8,3,6,11,18,1
"E1358",62,"Female","Indigenous",3,4,11,6,9,1
"E1359",46,"Male","Indigenous",10,9,9,13,12,0
"E1360",38,"Male","Caucasian",3,10,1,26,9,1
"E1361",60,"Female","African",9,10,5,18,17,1
"E1362",33,"Male","African",1,6,13,50,3,1
"E1363",32,"Female","Other",4,5,3,32,7,0
"E1364",65,"Female","Hispanic",4,1,21,18,14,1
"E1365",64,"Male","Other",5,4,10,23,3,1
"E1366",26,"Female","Asian",10,7,22,31,0,0
"E1367",34,"Male","Asian",9,7,17,28,5,1
"E1368",53,"Male","Hispanic",7,4,2,18,20,1
"E1369",42,"Male","African",10,10,24,7,3,0
"E1370",58,"Female","Indigenous",9,8,15,28,8,1
"E1371",40,"Male","African",10,10,11,39,1,1
"E1372",48,"Male","Indigenous",6,9,24,9,7,1
"E1373",48,"Female","Indigenous",7,4,6,27,15,0
"E1374",63,"Male","Caucasian",7,7,0,13,18,1
"E1375",23,"Male","African",8,2,11,35,10,0
"E1376",48,"Female","Indigenous",3,6,18,37,16,1
"E1377",33,"Female","Indigenous",1,7,14,32,0,0
"E1378",25,"Male","Indigenous",2,4,6,46,17,1
"E1379",49,"Male","African",2,6,6,10,9,1
"E1380",28,"Male","Other",5,10,4,26,20,0
"E1381",52,"Female","Asian",10,2,18,17,10,0
"E1382",49,"Male","Asian",10,5,22,45,0,1
"E1383",34,"Female","Hispanic",7,9,15,20,16,0
"E1384",47,"Male","Hispanic",5,6,1,21,11,1
"E1385",31,"Female","African",4,9,2,7,6,0
"E1386",22,"Male","Caucasian",6,4,18,42,4,1
"E1387",62,"Female","African",7,7,24,32,10,0
"E1388",24,"Male","Asian",3,2,2,42,16,1
"E1389",22,"Male","Hispanic",3,10,2,21,0,1
"E1390",65,"Female","Other",7,5,13,5,15,1
"E1391",28,"Male","Asian",10,9,3,27,16,0
"E1392",30,"Male","Indigenous",5,10,13,21,18,1
"E1393",23,"Female","African",6,6,12,7,7,0
"E1394",35,"Male","Asian",2,8,18,24,3,1
"E1395",42,"Female","Caucasian",10,2,4,36,19,1
"E1396",65,"Female","Caucasian",3,6,16,37,16,1
"E1397",50,"Female","Caucasian",1,5,5,14,13,1
"E1398",39,"Male","African",4,1,21,49,19,1
"E1399",33,"Female","African",8,6,0,38,15,0
"E1400",43,"Female","Asian",2,6,21,27,3,1
"E1401",49,"Male","African",6,3,9,40,3,1
"E1402",64,"Female","Other",4,8,14,6,18,1
"E1403",46,"Male","Hispanic",2,6,14,21,10,1
"E1404",62,"Male","Caucasian",1,4,21,48,12,1
"E1405",56,"Female","Other",3,1,23,27,20,1
"E1406",47,"Male","Other",7,7,25,23,1,0
"E1407",30,"Male","Asian",2,7,1,22,18,1
"E1408",54,"Female","Other",10,3,9,37,4,1
"E1409",35,"Male","Caucasian",3,3,16,41,2,1
"E1410",48,"Male","Caucasian",2,10,24,26,2,1
"E1411",33,"Male","Other",8,7,11,40,9,1
"E1412",35,"Male","Other",4,4,3,15,10,1
"E1413",33,"Male","Indigenous",4,2,23,23,13,1
"E1414",53,"Female","Other",2,10,17,37,10,1
"E1415",41,"Female","Asian",4,7,4,26,2,0
"E1416",44,"Female","Hispanic",8,5,9,50,1,1
"E1417",43,"Female","Hispanic",6,9,4,13,12,1
"E1418",25,"Male","Caucasian",10,8,20,37,9,1
"E1419",34,"Male","Other",8,6,9,29,8,1
"E1420",26,"Male","Hispanic",8,5,17,11,12,0
"E1421",57,"Male","Caucasian",9,4,13,46,10,1
"E1422",41,"Male","African",6,9,1,22,1,1
"E1423",54,"Male","Caucasian",9,3,2,30,14,1
"E1424",51,"Male","Asian",7,4,5,39,13,1
"E1425",30,"Male","Other",1,3,1,50,15,1
"E1426",30,"Male","Caucasian",3,10,4,39,9,1
"E1427",34,"Female","Asian",2,4,13,13,16,0
"E1428",62,"Female","Other",10,1,13,47,18,1
"E1429",55,"Male","Hispanic",10,6,20,40,3,1
"E1430",52,"Female","Other",5,9,8,37,19,1
"E1431",50,"Male","Hispanic",3,7,23,9,7,1
"E1432",48,"Male","African",2,4,5,38,19,1
"E1433",30,"Male","African",10,7,18,31,14,1
"E1434",49,"Female","Hispanic",4,7,22,24,3,0
"E1435",36,"Female","Hispanic",6,10,2,44,2,0
"E1436",33,"Male","Indigenous",8,8,6,14,17,0
"E1437",39,"Male","Asian",4,1,2,40,11,1
"E1438",65,"Female","Caucasian",7,3,1,43,15,1
"E1439",36,"Male","Other",1,2,18,8,5,1
"E1440",37,"Male","Indigenous",9,8,16,23,1,1
"E1441",44,"Male","African",5,5,0,27,15,0
"E1442",33,"Male","Other",5,5,13,43,4,1
"E1443",65,"Female","Indigenous",10,6,25,33,11,1
"E1444",61,"Female","Caucasian",1,1,21,33,16,1
"E1445",32,"Female","Other",7,4,15,9,7,0
"E1446",39,"Female","African",2,6,6,45,7,0
"E1447",34,"Male","African",3,6,7,7,20,1
"E1448",36,"Female","African",9,9,2,32,12,0
"E1449",60,"Male","African",1,10,4,43,8,1
"E1450",25,"Female","Asian",2,2,12,25,4,0
"E1451",25,"Male","Asian",8,6,4,5,5,1
"E1452",60,"Female","Asian",4,4,4,21,18,1
"E1453",44,"Male","Indigenous",3,8,19,25,17,1
"E1454",58,"Male","African",6,8,22,25,19,1
"E1455",34,"Female","Hispanic",9,1,14,19,2,0
"E1456",49,"Female","Caucasian",10,6,6,23,18,1
"E1457",65,"Female","Hispanic",8,5,14,33,19,1
"E1458",41,"Male","Indigenous",9,5,25,34,3,0
"E1459",35,"Female","Asian",6,5,24,20,18,0
"E1460",52,"Male","Caucasian",3,5,15,33,0,1
"E1461",44,"Male","African",1,3,15,41,1,1
"E1462",27,"Female","Asian",7,2,21,32,10,0
"E1463",55,"Female","Asian",1,1,20,15,14,1
"E1464",51,"Male","Caucasian",9,6,5,42,7,1
"E1465",51,"Male","Asian",3,10,22,24,2,1
"E1466",28,"Male","Caucasian",3,7,19,32,0,1
"E1467",35,"Female","Other",6,5,13,13,13,0
"E1468",58,"Female","Caucasian",7,1,11,17,10,1
"E1469",29,"Male","African",8,8,20,36,16,1
"E1470",52,"Male","African",2,7,3,38,19,0
"E1471",24,"Female","African",4,6,5,31,11,0
"E1472",46,"Female","African",1,1,6,50,16,1
"E1473",53,"Female","Other",4,9,6,22,16,1
"E1474",33,"Male","Hispanic",2,6,3,35,0,1
"E1475",40,"Male","Indigenous",10,2,13,24,5,0
"E1476",46,"Male","Caucasian",8,5,6,35,11,1
"E1477",34,"Female","Asian",2,5,2,49,14,0
"E1478",37,"Male","Asian",3,4,4,21,3,1
"E1479",26,"Male","Indigenous",7,9,10,10,11,0
"E1480",58,"Female","Other",5,5,6,8,16,0
"E1481",29,"Female","Asian",2,2,1,22,2,0
"E1482",33,"Female","Hispanic",3,6,1,18,15,0
"E1483",23,"Female","Indigenous",4,2,15,37,3,0
"E1484",54,"Male","Hispanic",6,5,10,47,16,1
"E1485",40,"Male","Caucasian",1,7,11,10,2,1
"E1486",33,"Male","African",2,4,21,10,19,1
"E1487",36,"Male","Indigenous",10,5,6,47,4,1
"E1488",44,"Female","Caucasian",10,5,12,15,0,1
"E1489",22,"Female","Other",9,2,3,27,16,0
"E1490",34,"Male","Hispanic",1,7,8,9,7,1
"E1491",51,"Male","African",4,8,23,8,1,1
"E1492",23,"Male","Asian",3,10,25,33,5,0
"E1493",56,"Female","Asian",9,7,13,37,11,1
"E1494",22,"Female","Hispanic",6,1,22,43,10,0
"E1495",27,"Female","Indigenous",10,1,18,7,14,0
"E1496",62,"Female","Hispanic",4,2,19,11,0,1
"E1497",24,"Female","Other",10,10,0,32,20,0
"E1498",54,"Female","Hispanic",3,5,20,42,12,1
"E1499",58,"Female","Caucasian",7,1,17,6,18,1
"E1500",33,"Male","Hispanic",10,8,10,26,8,0
"E1501",27,"Male","Caucasian",8,8,17,5,15,1
"E1502",27,"Male","Hispanic",6,6,18,46,1,1
"E1503",35,"Male","Caucasian",8,10,17,23,0,1
"E1504",47,"Female","Asian",7,2,10,30,13,1
"E1505",55,"Female","Caucasian",1,10,18,34,12,1
"E1506",24,"Male","African",3,1,4,29,3,0
"E1507",56,"Male","Caucasian",8,3,16,26,3,1
"E1508",38,"Male","Caucasian",7,6,6,32,0,1
"E1509",57,"Female","Hispanic",3,7,12,19,8,0
"E1510",22,"Male","Other",2,9,12,37,9,1
"E1511",61,"Male","African",3,6,18,8,14,1
"E1512",39,"Male","Asian",8,9,17,7,12,0
"E1513",38,"Male","Caucasian",4,3,19,40,8,1
"E1514",43,"Male","African",4,7,20,12,11,1
"E1515",65,"Female","Asian",2,4,3,6,4,1
"E1516",23,"Male","Hispanic",6,6,15,9,15,0
"E1517",47,"Female","Caucasian",6,10,1,21,14,1
"E1518",41,"Female","Asian",4,7,10,29,20,0
"E1519",28,"Female","African",1,6,3,50,2,0
"E1520",59,"Male","Asian",3,7,24,32,18,0
"E1521",23,"Male","African",8,3,21,46,2,1
"E1522",56,"Female","Caucasian",7,7,15,47,6,1
"E1523",32,"Female","African",9,6,11,32,17,0
"E1524",27,"Female","African",5,2,11,20,10,0
"E1525",30,"Male","Asian",4,7,14,8,16,1
"E1526",24,"Male","Other",1,6,19,12,0,1
"E1527",44,"Male","Hispanic",2,9,25,39,11,1
"E1528",53,"Male","Caucasian",10,2,13,41,19,1
"E1529",55,"Male","Hispanic",1,10,4,22,14,1
"E1530",31,"Female","African",3,6,12,13,6,0
"E1531",65,"Female","African",4,5,25,23,16,1
"E1532",50,"Female","Other",3,4,10,28,11,1
"E1533",65,"Male","Hispanic",6,8,18,25,6,1
"E1534",63,"Male","Hispanic",5,3,2,42,0,1
"E1535",25,"Female","Other",4,2,15,38,8,0
"E1536",33,"Male","Asian",2,2,10,13,9,1
"E1537",49,"Female","African",3,1,10,39,11,1
"E1538",41,"Female","Asian",6,3,19,6,3,0
"E1539",44,"Male","Caucasian",9,5,18,10,1,1
"E1540",65,"Female","Hispanic",6,2,7,37,3,1
"E1541",50,"Male","Indigenous",4,10,3,6,0,1
"E1542",48,"Female","Asian",1,5,5,44,2,1
"E1543",55,"Male","Asian",4,1,19,21,11,1
"E1544",42,"Female","Caucasian",7,3,1,30,0,1
"E1545",59,"Female","Other",8,10,8,19,14,0
"E1546",24,"Male","Other",2,10,25,18,1,1
"E1547",47,"Male","Hispanic",3,9,14,47,1,1
"E1548",33,"Male","Asian",7,1,23,41,20,1
"E1549",40,"Female","Hispanic",10,6,14,50,0,0
"E1550",31,"Male","Indigenous",1,7,22,18,6,1
"E1551",48,"Female","African",2,2,13,37,16,1
"E1552",51,"Male","Indigenous",5,2,17,44,8,1
"E1553",61,"Male","African",9,4,12,27,18,1
"E1554",27,"Female","African",1,5,3,50,2,0
"E1555",54,"Female","Other",9,1,18,18,19,1
"E1556",53,"Male","Asian",6,7,24,40,13,1
"E1557",60,"Male","Caucasian",10,9,4,7,14,1
"E1558",51,"Male","Caucasian",1,8,17,9,2,1
"E1559",26,"Male","Other",3,2,2,10,0,0
"E1560",50,"Female","Other",5,7,9,50,7,1
"E1561",50,"Female","Indigenous",9,9,17,46,0,1
"E1562",27,"Male","Other",8,2,18,34,9,1
"E1563",27,"Male","Hispanic",2,2,11,11,13,1
"E1564",40,"Female","African",6,1,14,38,19,0
"E1565",63,"Female","Hispanic",10,9,21,7,6,0
"E1566",47,"Male","Indigenous",6,4,15,8,5,1
"E1567",38,"Male","Indigenous",3,9,12,21,8,1
"E1568",33,"Female","Other",9,3,23,22,10,0
"E1569",23,"Male","African",4,8,4,26,14,1
"E1570",43,"Male","Indigenous",5,5,19,17,9,1
"E1571",55,"Male","African",10,2,19,11,15,0
"E1572",48,"Male","Indigenous",5,2,10,17,16,1
"E1573",55,"Female","Hispanic",4,10,0,16,5,1
"E1574",25,"Male","Other",10,5,17,19,5,1
"E1575",61,"Female","Caucasian",8,6,24,13,10,1
"E1576",58,"Male","Other",2,8,19,43,13,1
"E1577",37,"Female","Other",7,2,13,50,0,0
"E1578",23,"Female","Caucasian",6,4,17,50,1,0
"E1579",58,"Female","Hispanic",7,6,6,20,13,1
"E1580",40,"Male","Caucasian",1,5,0,45,12,1
"E1581",63,"Male","Indigenous",4,10,24,13,10,0
"E1582",49,"Male","Caucasian",7,8,8,27,17,1
"E1583",26,"Female","Asian",7,4,9,50,5,0
"E1584",34,"Female","Other",1,5,19,27,12,0
"E1585",56,"Female","Other",2,6,16,15,14,1
"E1586",37,"Female","African",6,1,23,5,10,0
"E1587",65,"Female","Asian",10,1,19,29,0,0
"E1588",57,"Male","Asian",5,6,3,7,8,1
"E1589",57,"Male","Caucasian",7,7,21,42,1,1
"E1590",57,"Female","Caucasian",10,2,19,12,16,1
"E1591",22,"Female","Caucasian",7,10,25,19,2,0
"E1592",49,"Male","African",6,5,22,27,12,1
"E1593",39,"Male","Hispanic",6,6,9,50,13,1
"E1594",25,"Male","Other",5,4,7,31,13,1
"E1595",61,"Male","Hispanic",10,4,21,42,7,1
"E1596",63,"Male","Asian",6,6,4,24,6,1
"E1597",53,"Female","Hispanic",3,5,2,14,9,1
"E1598",31,"Male","Indigenous",1,1,3,45,20,1
"E1599",55,"Female","Other",3,1,17,7,12,1
"E1600",42,"Male","Other",7,7,20,36,1,1
"E1601",24,"Female","Indigenous",1,9,21,32,8,0
"E1602",41,"Male","Other",8,8,8,28,17,1
"E1603",41,"Male","Other",3,8,17,9,7,1
"E1604",24,"Male","Indigenous",10,6,20,14,4,0
"E1605",35,"Female","Hispanic",2,1,17,6,19,0
"E1606",36,"Male","Asian",3,6,14,21,6,1
"E1607",31,"Male","Asian",2,9,7,18,8,1
"E1608",26,"Male","Caucasian",5,7,12,12,13,1
"E1609",23,"Female","Hispanic",5,8,23,46,0,0
"E1610",28,"Male","Asian",1,10,6,10,20,1
"E1611",37,"Male","Hispanic",2,2,15,23,8,1
"E1612",57,"Female","Hispanic",2,4,8,12,17,1
"E1613",44,"Female","Hispanic",3,5,10,11,10,1
"E1614",62,"Female","Caucasian",9,7,4,20,10,1
"E1615",34,"Male","Other",2,4,10,40,2,1
"E1616",54,"Female","African",9,4,17,28,5,0
"E1617",39,"Male","African",7,10,18,47,17,1
"E1618",46,"Female","Caucasian",8,5,24,16,19,1
"E1619",33,"Female","African",9,7,10,30,8,0
"E1620",38,"Female","Indigenous",2,9,13,6,14,0
"E1621",57,"Female","Other",4,8,14,37,20,1
"E1622",33,"Female","Asian",9,8,14,20,4,0
"E1623",60,"Male","Other",3,3,9,35,12,1
"E1624",23,"Female","Other",8,9,21,5,1,0
"E1625",65,"Female","Asian",5,3,23,33,11,0
"E1626",60,"Male","Caucasian",9,1,9,44,5,1
"E1627",35,"Female","Hispanic",8,9,0,15,16,0
"E1628",38,"Female","Hispanic",1,9,14,39,12,0
"E1629",50,"Female","Hispanic",9,2,22,40,13,1
"E1630",61,"Female","Caucasian",2,5,25,46,15,1
"E1631",55,"Male","African",3,6,5,32,20,0
"E1632",26,"Male","Asian",4,10,11,44,17,1
"E1633",25,"Female","Indigenous",9,3,13,11,1,0
"E1634",61,"Female","African",10,4,6,38,8,1
"E1635",28,"Male","Asian",5,10,6,43,19,1
"E1636",52,"Male","Hispanic",3,3,8,24,12,1
"E1637",29,"Male","Other",8,4,12,47,0,1
"E1638",36,"Male","Asian",3,8,11,45,16,1
"E1639",64,"Female","African",2,7,13,25,8,1
"E1640",43,"Female","Asian",9,5,4,39,11,1
"E1641",32,"Female","Indigenous",7,4,4,11,13,0
"E1642",39,"Female","Caucasian",9,10,6,19,20,0
"E1643",65,"Male","Indigenous",4,6,7,25,6,1
"E1644",45,"Female","African",5,1,9,17,14,0
"E1645",40,"Male","Other",1,4,10,30,7,1
"E1646",24,"Female","Caucasian",3,10,12,33,1,0
"E1647",65,"Female","Hispanic",5,10,19,39,13,1
"E1648",62,"Female","African",7,6,22,19,12,1
"E1649",60,"Female","Caucasian",4,2,23,22,19,1
"E1650",49,"Female","Caucasian",2,7,1,34,12,1
"E1651",48,"Female","Indigenous",10,10,9,41,7,1
"E1652",48,"Male","African",4,2,13,18,4,1
"E1653",23,"Male","Indigenous",7,9,13,21,18,0
"E1654",31,"Female","African",2,3,23,11,13,0
"E1655",48,"Male","Caucasian",4,7,24,45,11,1
"E1656",27,"Female","Indigenous",4,9,13,21,9,0
"E1657",48,"Male","Hispanic",2,1,15,21,9,1
"E1658",51,"Female","Caucasian",3,2,5,38,9,1
"E1659",65,"Male","Hispanic",7,5,1,11,7,1
"E1660",26,"Male","Hispanic",3,2,3,37,3,1
"E1661",52,"Male","Other",2,7,7,22,3,1
"E1662",41,"Male","Hispanic",7,8,17,22,2,1
"E1663",41,"Male","Caucasian",7,2,8,17,3,1
"E1664",27,"Female","Hispanic",3,2,2,31,4,0
"E1665",23,"Female","African",9,10,22,8,12,0
"E1666",47,"Female","Caucasian",5,9,17,35,4,1
"E1667",24,"Female","Hispanic",1,1,15,20,0,0
"E1668",65,"Male","Other",7,1,6,15,12,1
"E1669",37,"Male","Indigenous",7,9,2,27,18,1
"E1670",64,"Female","Hispanic",8,6,0,19,5,1
"E1671",41,"Male","Asian",1,7,21,49,15,1
"E1672",30,"Male","Caucasian",9,8,1,14,13,1
"E1673",46,"Female","Asian",1,2,0,27,14,1
"E1674",53,"Male","Other",3,7,13,46,2,1
"E1675",28,"Male","Caucasian",3,2,5,37,18,1
"E1676",34,"Male","Other",5,5,8,26,8,1
"E1677",47,"Female","Other",5,4,5,19,11,1
"E1678",46,"Male","Indigenous",3,7,16,28,10,1
"E1679",63,"Female","Indigenous",8,3,22,32,17,1
"E1680",33,"Male","Hispanic",8,1,23,21,8,1
"E1681",48,"Male","Indigenous",7,4,8,23,10,0
"E1682",50,"Female","Asian",8,7,10,33,20,0
"E1683",62,"Male","Asian",1,8,20,36,5,0
"E1684",45,"Female","Other",10,1,25,38,13,1
"E1685",23,"Female","Other",8,6,7,36,13,0
"E1686",54,"Male","Hispanic",4,2,13,20,7,1
"E1687",35,"Male","Indigenous",7,5,10,21,13,0
"E1688",43,"Female","Caucasian",4,3,15,36,8,1
"E1689",36,"Female","Hispanic",3,3,1,47,16,0
"E1690",56,"Female","Other",9,9,4,33,11,0
"E1691",40,"Male","Caucasian",10,7,12,50,10,1
"E1692",50,"Female","Caucasian",10,2,8,37,0,1
"E1693",38,"Male","African",5,1,1,46,2,1
"E1694",46,"Female","Hispanic",1,3,8,7,10,1
"E1695",59,"Male","Indigenous",9,6,5,49,12,1
"E1696",59,"Male","Caucasian",4,3,21,42,1,1
"E1697",61,"Male","Indigenous",1,4,4,50,1,1
"E1698",49,"Male","Hispanic",3,7,18,40,16,1
"E1699",40,"Female","African",10,8,16,17,16,0
"E1700",33,"Female","Indigenous",10,10,17,7,5,0
"E1701",30,"Female","African",6,10,16,36,16,0
"E1702",48,"Male","Caucasian",10,10,20,9,2,1
"E1703",27,"Male","Hispanic",2,6,0,37,1,0
"E1704",23,"Female","Hispanic",10,1,21,46,19,0
"E1705",44,"Female","African",8,8,0,20,10,1
"E1706",53,"Female","African",5,2,17,29,17,0
"E1707",62,"Female","Indigenous",3,8,8,34,5,1
"E1708",61,"Female","African",10,10,4,12,4,0
"E1709",34,"Female","Other",4,3,5,25,15,0
"E1710",32,"Male","Other",9,3,3,10,6,1
"E1711",27,"Male","Caucasian",8,10,24,12,14,0
"E1712",22,"Male","Caucasian",5,10,7,27,4,0
"E1713",40,"Male","Other",9,10,25,37,2,0
"E1714",42,"Male","African",2,9,2,38,7,1
"E1715",29,"Male","Other",3,3,0,40,18,1
"E1716",64,"Female","Caucasian",5,1,19,15,18,1
"E1717",52,"Female","African",6,9,16,21,15,1
"E1718",28,"Male","Asian",9,1,22,26,10,1
"E1719",33,"Male","Asian",6,1,20,9,2,0
"E1720",62,"Male","Asian",6,5,1,29,1,1
"E1721",36,"Female","African",9,7,19,41,2,0
"E1722",30,"Male","African",1,9,0,34,19,1
"E1723",64,"Male","African",5,3,22,42,11,1
"E1724",52,"Female","African",3,9,4,14,2,1
"E1725",52,"Female","Other",3,9,3,6,7,1
"E1726",36,"Male","Caucasian",8,1,3,33,18,0
"E1727",64,"Male","Asian",3,6,3,10,9,1
"E1728",47,"Male","Caucasian",4,2,2,33,9,1
"E1729",42,"Female","Hispanic",9,10,18,32,10,1
"E1730",65,"Female","Asian",7,7,1,24,11,0
"E1731",35,"Male","African",7,2,12,16,3,0
"E1732",62,"Female","Indigenous",5,5,7,44,5,1
"E1733",64,"Male","Indigenous",6,7,19,30,8,1
"E1734",22,"Male","Caucasian",7,10,8,21,16,0
"E1735",29,"Female","Other",5,5,19,5,2,0
"E1736",32,"Male","Caucasian",6,10,20,44,8,1
"E1737",65,"Female","African",5,10,10,7,19,1
"E1738",64,"Male","Hispanic",10,8,17,5,9,1
"E1739",23,"Female","Caucasian",10,7,14,42,6,0
"E1740",48,"Male","African",6,5,0,19,17,1
"E1741",24,"Female","African",5,1,14,14,2,0
"E1742",45,"Male","Caucasian",7,6,22,28,10,1
"E1743",49,"Male","African",6,5,6,46,15,1
"E1744",36,"Male","Asian",2,7,24,41,17,1
"E1745",56,"Male","Asian",6,5,19,23,6,1
"E1746",62,"Male","Caucasian",7,9,17,17,4,1
"E1747",30,"Female","Indigenous",10,1,13,28,16,0
"E1748",55,"Male","Caucasian",2,3,0,30,18,1
"E1749",27,"Male","Hispanic",9,10,10,12,9,1
"E1750",46,"Female","Caucasian",4,7,9,6,15,1
"E1751",48,"Male","Hispanic",5,3,7,15,5,1
"E1752",26,"Female","African",2,5,9,10,11,0
"E1753",48,"Male","Asian",2,7,9,7,10,1
"E1754",52,"Male","Indigenous",7,8,7,16,4,0
"E1755",44,"Female","Other",4,4,20,20,12,1
"E1756",41,"Male","Indigenous",8,3,21,38,11,1
"E1757",30,"Male","African",10,8,7,33,5,1
"E1758",32,"Female","Asian",2,2,0,10,19,0
"E1759",50,"Male","Caucasian",9,6,25,46,7,1
"E1760",24,"Female","Indigenous",3,6,14,29,15,0
"E1761",53,"Female","Caucasian",6,5,6,32,4,1
"E1762",30,"Female","Asian",8,6,23,16,5,0
"E1763",62,"Male","Other",9,1,11,37,5,0
"E1764",32,"Female","Hispanic",6,6,5,7,14,0
"E1765",55,"Female","Asian",10,7,10,29,1,0
"E1766",49,"Female","Hispanic",10,6,17,12,17,1
"E1767",44,"Male","Hispanic",4,7,25,9,11,1
"E1768",29,"Male","Hispanic",7,6,25,36,7,1
"E1769",24,"Male","Asian",2,3,8,35,5,1
"E1770",38,"Male","Asian",7,2,19,11,11,0
"E1771",36,"Male","African",4,5,25,48,14,1
"E1772",22,"Male","African",8,8,15,34,16,0
"E1773",56,"Female","Indigenous",7,8,1,20,0,0
"E1774",51,"Male","Caucasian",10,8,7,29,8,1
"E1775",33,"Male","African",5,9,7,29,2,0
"E1776",59,"Male","African",2,4,7,41,10,1
"E1777",38,"Male","Hispanic",2,9,14,24,1,1
"E1778",48,"Female","Asian",4,4,5,8,1,1
"E1779",24,"Male","African",8,1,1,49,16,1
"E1780",53,"Male","Caucasian",1,2,3,11,14,1
"E1781",60,"Male","African",8,5,3,46,20,1
"E1782",23,"Female","African",10,3,5,24,12,0
"E1783",28,"Female","Indigenous",8,6,23,33,13,0
"E1784",35,"Female","Other",7,5,9,35,9,0
"E1785",46,"Male","Other",6,9,0,10,18,0
"E1786",29,"Male","Asian",7,10,6,44,15,1
"E1787",39,"Male","Other",10,8,18,6,15,1
"E1788",28,"Female","African",7,2,9,30,8,0
"E1789",33,"Male","Other",5,6,14,46,3,1
"E1790",41,"Female","Asian",2,5,0,31,1,0
"E1791",31,"Male","African",3,6,0,47,14,1
"E1792",40,"Male","Indigenous",3,5,13,45,18,1
"E1793",53,"Female","African",9,9,22,33,16,1
"E1794",34,"Female","Caucasian",3,2,16,46,8,0
"E1795",52,"Female","Hispanic",3,9,12,19,8,1
"E1796",39,"Male","Hispanic",8,1,13,10,16,0
"E1797",49,"Female","Asian",1,8,18,50,17,1
"E1798",35,"Male","African",6,9,1,10,5,0
"E1799",63,"Male","African",7,1,13,38,7,0
"E1800",63,"Male","Indigenous",3,7,19,35,11,0
"E1801",41,"Female","Other",7,10,3,45,13,0
"E1802",50,"Male","Indigenous",1,8,24,26,4,1
"E1803",45,"Female","African",8,4,7,39,7,1
"E1804",42,"Male","Hispanic",8,10,14,40,18,1
"E1805",59,"Male","Caucasian",7,4,24,31,17,1
"E1806",59,"Male","Caucasian",4,7,18,13,19,1
"E1807",62,"Male","Indigenous",5,1,0,5,6,1
"E1808",27,"Male","Asian",7,4,1,47,5,1
"E1809",28,"Male","African",8,10,13,25,6,0
"E1810",25,"Female","Caucasian",7,5,18,42,7,0
"E1811",47,"Female","Asian",1,10,9,5,14,1
"E1812",54,"Male","Indigenous",7,5,16,32,2,1
"E1813",47,"Male","Indigenous",6,7,22,44,13,1
"E1814",24,"Female","Asian",5,7,21,34,11,0
"E1815",63,"Female","Hispanic",2,3,8,47,15,1
"E1816",53,"Male","Asian",10,4,0,6,19,1
"E1817",50,"Male","Hispanic",3,2,5,41,14,1
"E1818",53,"Female","Indigenous",9,6,13,5,0,0
"E1819",55,"Male","Caucasian",6,5,23,37,4,1
"E1820",46,"Female","Caucasian",4,9,17,17,10,1
"E1821",25,"Male","Hispanic",7,7,2,8,5,0
"E1822",61,"Male","Caucasian",8,2,25,49,0,1
"E1823",23,"Female","Caucasian",4,7,0,26,6,0
"E1824",65,"Female","Asian",3,4,22,27,2,1
"E1825",33,"Female","Other",10,2,3,5,14,0
"E1826",51,"Female","Indigenous",5,9,11,8,8,1
"E1827",65,"Female","Hispanic",2,4,0,29,8,1
"E1828",31,"Male","Hispanic",7,6,25,10,11,0
"E1829",49,"Male","African",3,8,1,19,15,1
"E1830",45,"Male","Other",10,7,5,30,19,1
"E1831",32,"Female","Other",1,9,5,31,6,0
"E1832",28,"Female","Other",7,10,25,26,11,0
"E1833",56,"Female","African",2,3,10,35,9,1
"E1834",43,"Female","Asian",3,2,16,14,0,1
"E1835",29,"Female","Other",4,8,0,35,12,0
"E1836",46,"Male","Caucasian",2,1,23,43,5,1
"E1837",28,"Male","Other",3,9,4,32,7,1
"E1838",63,"Female","Asian",6,3,17,38,2,1
"E1839",40,"Female","Caucasian",1,3,17,40,11,0
"E1840",56,"Female","African",6,1,21,17,3,1
"E1841",44,"Female","Indigenous",1,5,19,22,16,1
"E1842",22,"Female","Caucasian",9,9,15,27,1,0
"E1843",39,"Female","Hispanic",3,10,12,23,11,0
"E1844",56,"Male","Hispanic",8,7,2,22,13,1
"E1845",55,"Male","Caucasian",7,4,23,12,17,1
"E1846",37,"Female","Indigenous",7,5,4,36,19,0
"E1847",53,"Female","Caucasian",9,4,8,9,13,1
"E1848",28,"Male","Caucasian",9,8,2,17,8,1
"E1849",22,"Male","Other",7,1,1,6,5,1
"E1850",56,"Male","African",10,3,10,29,2,1
"E1851",48,"Male","Asian",7,9,16,31,11,1
"E1852",25,"Male","Indigenous",10,4,19,38,8,0
"E1853",50,"Female","Other",3,6,18,30,5,1
"E1854",50,"Male","Asian",2,2,18,15,1,1
"E1855",58,"Female","African",10,1,20,18,15,1
"E1856",25,"Female","African",4,6,7,40,4,0
"E1857",27,"Female","Other",6,1,8,34,8,0
"E1858",35,"Female","African",7,1,20,7,6,0
"E1859",35,"Male","Indigenous",10,7,5,29,5,0
"E1860",28,"Male","Asian",1,1,16,25,11,1
"E1861",55,"Male","Indigenous",7,7,5,20,7,1
"E1862",45,"Female","African",9,1,10,33,4,1
"E1863",51,"Male","Other",5,9,19,44,19,1
"E1864",57,"Female","African",1,7,25,7,19,1
"E1865",35,"Female","African",3,5,4,34,8,0
"E1866",34,"Female","Other",5,10,6,40,17,0
"E1867",48,"Female","African",6,10,6,34,5,1
"E1868",26,"Male","Asian",10,8,16,38,2,1
"E1869",28,"Male","Hispanic",3,4,9,24,18,1
"E1870",64,"Male","African",9,2,17,15,5,0
"E1871",62,"Female","Indigenous",1,10,16,15,0,1
"E1872",48,"Female","Other",9,1,25,42,6,1
"E1873",42,"Female","Indigenous",7,4,0,6,11,1
"E1874",32,"Female","African",1,7,24,39,19,0
"E1875",65,"Male","Indigenous",10,10,18,9,18,0
"E1876",43,"Female","African",7,2,22,6,19,0
"E1877",25,"Male","African",1,10,12,33,7,1
"E1878",23,"Female","Hispanic",2,4,25,44,16,0
"E1879",41,"Female","Other",2,2,18,27,11,0
"E1880",39,"Male","Hispanic",3,3,24,24,4,1
"E1881",45,"Male","Caucasian",10,10,17,47,18,1
"E1882",55,"Female","Asian",9,6,12,16,1,0
"E1883",56,"Female","African",2,2,20,37,11,1
"E1884",42,"Male","Caucasian",9,8,24,12,8,1
"E1885",48,"Male","Hispanic",1,7,11,50,0,1
"E1886",62,"Male","Other",6,5,13,26,3,1
"E1887",23,"Male","Indigenous",8,10,15,46,20,1
"E1888",50,"Male","Hispanic",8,7,20,42,15,1
"E1889",54,"Female","African",8,7,12,32,20,0
"E1890",44,"Male","Caucasian",1,1,15,33,12,1
"E1891",33,"Male","Asian",6,2,18,43,0,1
"E1892",47,"Female","Other",3,9,8,17,16,1
"E1893",49,"Male","African",6,3,1,23,0,1
"E1894",58,"Male","Other",6,7,8,40,9,1
"E1895",49,"Female","African",8,4,23,9,6,1
"E1896",54,"Male","African",9,8,22,7,6,1
"E1897",29,"Female","Asian",6,1,1,42,7,0
"E1898",29,"Female","Other",5,3,18,27,18,0
"E1899",53,"Female","Other",2,3,2,28,16,1
"E1900",51,"Male","Hispanic",10,4,18,18,4,0
"E1901",44,"Female","Asian",6,2,10,8,7,1
"E1902",64,"Male","Other",8,1,2,46,13,1
"E1903",24,"Male","Indigenous",2,10,15,46,6,1
"E1904",35,"Female","African",4,4,4,17,10,0
"E1905",42,"Male","Caucasian",8,6,16,39,12,1
"E1906",22,"Female","Caucasian",3,2,17,45,0,0
"E1907",50,"Female","Indigenous",2,10,1,11,4,1
"E1908",44,"Male","Hispanic",2,8,4,23,8,1
"E1909",62,"Female","Asian",2,6,18,9,11,1
"E1910",50,"Male","Indigenous",5,6,12,38,9,1
"E1911",60,"Male","Other",5,6,23,49,14,1
"E1912",54,"Male","Asian",10,1,21,12,5,0
"E1913",51,"Male","Hispanic",1,5,1,29,17,1
"E1914",44,"Female","Asian",8,1,9,34,17,1
"E1915",56,"Female","Hispanic",2,4,0,46,14,1
"E1916",22,"Female","African",8,7,14,17,11,0
"E1917",35,"Male","African",5,8,13,41,1,1
"E1918",22,"Female","African",2,9,16,15,18,0
"E1919",27,"Female","Other",9,9,23,49,11,0
"E1920",33,"Female","Hispanic",1,4,23,16,18,0
"E1921",50,"Female","Caucasian",7,5,14,18,16,1
"E1922",49,"Male","African",4,10,0,13,0,1
"E1923",58,"Male","Indigenous",2,5,25,19,12,1
"E1924",57,"Male","Asian",3,5,15,44,0,1
"E1925",33,"Female","Hispanic",5,1,0,18,16,0
"E1926",57,"Female","African",9,10,4,7,16,1
"E1927",44,"Female","African",4,5,19,23,6,1
"E1928",32,"Female","Other",4,8,15,9,3,0
"E1929",53,"Female","African",9,8,10,6,12,0
"E1930",43,"Male","African",3,2,18,8,6,0
"E1931",31,"Male","Indigenous",7,3,0,13,17,0
"E1932",53,"Male","Caucasian",6,4,24,18,17,1
"E1933",55,"Female","Caucasian",5,8,17,28,15,1
"E1934",42,"Female","Asian",10,5,21,31,17,0
"E1935",29,"Female","Indigenous",3,9,0,50,7,0
"E1936",60,"Male","Caucasian",8,3,22,26,14,1
"E1937",45,"Male","Indigenous",8,2,5,26,10,0
"E1938",56,"Female","Indigenous",3,4,22,13,4,1
"E1939",55,"Male","Hispanic",1,3,24,48,9,1
"E1940",44,"Female","Asian",4,7,13,12,14,1
"E1941",56,"Male","Other",1,8,15,41,6,1
"E1942",52,"Male","Other",5,8,21,20,15,1
"E1943",56,"Female","Indigenous",4,8,17,33,5,1
"E1944",39,"Male","Caucasian",7,6,3,17,1,1
"E1945",26,"Male","Indigenous",3,10,12,24,7,1
"E1946",43,"Male","Caucasian",2,2,9,27,17,1
"E1947",39,"Male","African",4,5,16,45,6,1
"E1948",63,"Female","Hispanic",2,2,12,29,7,1
"E1949",37,"Female","Asian",4,7,13,15,16,0
"E1950",35,"Female","Other",4,4,4,26,7,0
"E1951",55,"Male","Hispanic",9,6,12,38,16,1
"E1952",56,"Female","Caucasian",8,6,6,43,11,1
"E1953",49,"Male","Asian",4,2,2,10,15,1
"E1954",43,"Male","Other",8,2,21,43,20,1
"E1955",47,"Male","African",4,9,6,6,16,1
"E1956",46,"Male","Asian",2,5,14,38,4,1
"E1957",36,"Male","Other",9,4,10,47,15,1
"E1958",35,"Male","African",9,2,14,32,2,0
"E1959",31,"Male","African",5,4,21,35,5,1
"E1960",47,"Female","Other",8,7,14,43,20,1
"E1961",24,"Male","Indigenous",2,10,15,37,4,1
"E1962",40,"Female","Indigenous",7,7,25,31,13,0
"E1963",59,"Female","Asian",10,4,8,9,13,1
"E1964",61,"Male","African",8,8,12,5,5,0
"E1965",54,"Female","Caucasian",10,10,11,21,15,1
"E1966",52,"Male","Indigenous",8,8,23,29,8,1
"E1967",57,"Female","African",1,3,5,5,1,1
"E1968",54,"Female","African",5,10,1,38,3,1
"E1969",55,"Male","Hispanic",5,1,18,49,5,1
"E1970",60,"Male","Other",9,6,18,25,9,0
"E1971",58,"Male","African",5,3,12,35,20,1
"E1972",44,"Male","Caucasian",9,5,4,25,0,1
"E1973",58,"Male","Other",7,2,23,47,7,1
"E1974",41,"Male","Asian",10,4,17,35,6,1
"E1975",22,"Male","African",6,8,9,35,16,1
"E1976",33,"Female","Indigenous",10,8,9,25,8,0
"E1977",35,"Female","Asian",4,2,9,23,2,0
"E1978",52,"Male","African",1,6,6,24,7,1
"E1979",25,"Female","African",6,4,5,10,19,0
"E1980",28,"Male","Other",10,9,23,19,11,0
"E1981",41,"Female","African",8,3,24,47,5,0
"E1982",36,"Female","Asian",8,3,5,44,6,0
"E1983",29,"Male","Other",1,3,17,35,10,1
"E1984",55,"Male","Hispanic",4,5,14,36,12,1
"E1985",58,"Male","Asian",9,2,17,12,8,1
"E1986",36,"Female","Other",8,10,12,43,15,0
"E1987",40,"Male","Other",4,1,17,44,17,1
"E1988",39,"Female","Caucasian",7,7,13,43,14,0
"E1989",26,"Male","Caucasian",7,5,1,44,7,1
"E1990",53,"Female","African",8,8,12,20,7,0
"E1991",63,"Male","Indigenous",2,2,16,8,5,1
"E1992",49,"Female","Other",8,7,0,20,19,0
"E1993",29,"Male","Other",10,9,2,41,3,1
"E1994",54,"Male","Other",7,1,18,15,8,0
"E1995",46,"Male","African",6,1,9,28,7,1
"E1996",42,"Female","Hispanic",3,10,2,30,3,1
"E1997",51,"Male","Indigenous",2,10,1,37,2,1
"E1998",32,"Female","Asian",1,5,20,37,1,0
"E1999",27,"Male","Asian",7,2,3,36,17,1
"E2000",35,"Female","Asian",1,6,18,43,12,0
